rank,title,domestic_gross,url,opening_weekend,legs,domestic_share,production_budget,theater_counts,infl_adj_domestic_bo
1,Star Wars Ep. VII: The Force Awakens,"$936,662,225 ",https://www.the-numbers.com/movie/Star-Wars-Ep-VII-The-Force-Awakens#tab=summary,"$247,966,675 (26.5 of total gross)",3.78,45.6,"$533,200,000 (worldwide box office is 3.9 times production budget)","4,134 opening theaters/4,134 max. theaters, 9.2 weeks average run per theater","$1,250,025,456 "
2,Avengers: Endgame,"$858,373,000 ",https://www.the-numbers.com/movie/Avengers-Endgame-(2019)#tab=summary,"$357,115,007 (41.6 of total gross)",2.4,31.2,"$400,000,000 (worldwide box office is 6.9 times production budget)","4,662 opening theaters/4,662 max. theaters, 8.1 weeks average run per theater","$1,059,847,014 "
3,Spider-Man: No Way Home,"$814,811,535 ",https://www.the-numbers.com/movie/Spider-Man-No-Way-Home-(2021)#tab=summary,"$260,138,569 (31.9 of total gross)",3.13,42.4,"$200,000,000 (worldwide box office is 9.6 times production budget)","4,336 opening theaters/4,336 max. theaters, 14.8 weeks average run per theater","$896,901,413 "
4,Avatar,"$785,221,649 ",https://www.the-numbers.com/movie/Avatar#tab=summary,"$77,025,481 (9.8 of total gross)",10.19,26.9,"$237,000,000 (worldwide box office is 12.3 times production budget)","3,452 opening theaters/3,461 max. theaters, 14.8 weeks average run per theater","$1,142,948,619 "
5,Top Gun: Maverick,"$718,732,821 ",https://www.the-numbers.com/movie/Top-Gun-Maverick-(2022)#tab=summary,"$126,707,459 (17.6 of total gross)",5.67,49.4,"$177,000,000 (worldwide box office is 8.2 times production budget)","4,735 opening theaters/4,751 max. theaters, 14.6 weeks average run per theater","$771,972,284 "
6,Black Panther,"$700,059,566 ",https://www.the-numbers.com/movie/Black-Panther#tab=summary,"$202,003,951 (28.9 of total gross)",3.47,52.5,"$200,000,000 (worldwide box office is 6.7 times production budget)","4,020 opening theaters/4,084 max. theaters, 9.9 weeks average run per theater","$869,118,952 "
7,Avatar: The Way of Water,"$684,075,767 ",https://www.the-numbers.com/movie/Avatar-The-Way-of-Water-(2022)#tab=summary,"$134,100,226 (19.6 of total gross)",5.1,29.5,"$400,000,000 (worldwide box office is 5.8 times production budget)","4,202 opening theaters/4,340 max. theaters, 11.1 weeks average run per theater","$723,353,647 "
8,Avengers: Infinity War,"$678,815,482 ",https://www.the-numbers.com/movie/Avengers-Infinity-War#tab=summary,"$257,698,183 (38.0 of total gross)",2.63,33.1,"$300,000,000 (worldwide box office is 6.8 times production budget)","4,474 opening theaters/4,474 max. theaters, 7.7 weeks average run per theater","$842,744,575 "
9,Titanic,"$674,460,013 ",https://www.the-numbers.com/movie/Titanic-(1997)#tab=summary,"$28,638,131 (4.2 of total gross)",19.02,30.3,"$200,000,000 (worldwide box office is 11.1 times production budget)","2,674 opening theaters/3,265 max. theaters, 28.5 weeks average run per theater","$1,553,447,026 "
10,Jurassic World,"$653,406,625 ",https://www.the-numbers.com/movie/Jurassic-World#tab=summary,"$208,806,270 (32.0 of total gross)",3.13,39.1,"$215,000,000 (worldwide box office is 7.8 times production budget)","4,274 opening theaters/4,291 max. theaters, 8.5 weeks average run per theater","$875,110,413 "
11,Inside Out 2,"$652,980,194 ",https://www.the-numbers.com/movie/Inside-Out-2-(2024)#tab=summary,"$154,201,673 (23.6 of total gross)",4.23,38.4,"$200,000,000 (worldwide box office is 8.5 times production budget)","4,440 opening theaters/4,440 max. theaters, 9.1 weeks average run per theater","$652,980,194 "
12,Barbie,"$636,785,476 ",https://www.the-numbers.com/movie/Barbie-(2023)#tab=summary,"$162,022,044 (25.4 of total gross)",3.93,44.1,"$145,000,000 (worldwide box office is 10.0 times production budget)","4,243 opening theaters/4,337 max. theaters, 9.5 weeks average run per theater","$658,303,176 "
13,Deadpool & Wolverine,"$636,745,858 ",https://www.the-numbers.com/movie/Deadpool-and-Wolverine-(2024)#tab=summary,"$211,435,291 (33.2 of total gross)",3.01,47.6,"$200,000,000 (worldwide box office is 6.7 times production budget)","4,210 opening theaters/4,330 max. theaters, 9.2 weeks average run per theater","$636,745,863 "
14,The Avengers,"$623,357,910 ",https://www.the-numbers.com/movie/Avengers-The-(2012)#tab=summary,"$207,438,708 (33.3 of total gross)",3.01,41.1,"$225,000,000 (worldwide box office is 6.7 times production budget)","4,349 opening theaters/4,349 max. theaters, 8.7 weeks average run per theater","$885,700,746 "
15,Star Wars Ep. VIII: The Last Jedi,"$620,181,382 ",https://www.the-numbers.com/movie/Star-Wars-Ep-VIII-The-Last-Jedi#tab=summary,"$220,009,584 (35.5 of total gross)",2.82,46.9,"$262,000,000 (worldwide box office is 5.0 times production budget)","4,232 opening theaters/4,232 max. theaters, 6.7 weeks average run per theater","$779,972,729 "
16,Incredibles 2,"$608,581,744 ",https://www.the-numbers.com/movie/Incredibles-2#tab=summary,"$182,687,905 (30.0 of total gross)",3.33,49,"$200,000,000 (worldwide box office is 6.2 times production budget)","4,410 opening theaters/4,413 max. theaters, 9.1 weeks average run per theater","$755,549,892 "
17,The Super Mario Bros. Movie,"$574,934,330 ",https://www.the-numbers.com/movie/Super-Mario-Bros-Movie-The-(2022)#tab=summary,"$146,361,865 (25.5 of total gross)",3.93,42.3,"$100,000,000 (worldwide box office is 13.6 times production budget)","4,343 opening theaters/4,371 max. theaters, 9.2 weeks average run per theater","$594,379,090 "
18,The Lion King,"$543,638,043 ",https://www.the-numbers.com/movie/Lion-King-The-(Live-Action)-(2019)#tab=summary,"$191,770,759 (35.3 of total gross)",2.83,32.7,"$260,000,000 (worldwide box office is 6.4 times production budget)","4,725 opening theaters/4,802 max. theaters, 8.5 weeks average run per theater","$671,238,672 "
19,The Dark Knight,"$536,625,724 ",https://www.the-numbers.com/movie/Dark-Knight-The#tab=summary,"$158,411,483 (29.5 of total gross)",3.39,53.1,"$185,000,000 (worldwide box office is 5.5 times production budget)","4,366 opening theaters/4,366 max. theaters, 9.0 weeks average run per theater","$839,972,844 "
20,Rogue One: A Star Wars Story,"$533,539,991 ",https://www.the-numbers.com/movie/Rogue-One-A-Star-Wars-Story#tab=summary,"$155,081,681 (29.1 of total gross)",3.44,50.6,"$280,200,000 (worldwide box office is 3.8 times production budget)","4,157 opening theaters/4,157 max. theaters, 7.1 weeks average run per theater","$692,293,288 "
21,Star Wars: The Rise of Skywalker,"$515,202,542 ",https://www.the-numbers.com/movie/Star-Wars-The-Rise-of-Skywalker-(2019)#tab=summary,"$177,383,864 (34.4 of total gross)",2.9,48.2,"$275,000,000 (worldwide box office is 3.9 times production budget)","4,406 opening theaters/4,406 max. theaters, 6.7 weeks average run per theater","$635,794,002 "
22,Beauty and the Beast,"$504,014,165 ",https://www.the-numbers.com/movie/Beauty-and-the-Beast-(2017)#tab=summary,"$174,750,616 (34.7 of total gross)",2.88,40,"$160,000,000 (worldwide box office is 7.9 times production budget)","4,210 opening theaters/4,210 max. theaters, 8.5 weeks average run per theater","$635,496,120 "
23,Star Wars Ep. I: The Phantom Menace,"$487,574,671 ",https://www.the-numbers.com/movie/Star-Wars-Ep-I-The-Phantom-Menace#tab=summary,"$64,810,970 (13.3 of total gross)",7.52,46.6,"$115,000,000 (worldwide box office is 9.1 times production budget)","2,970 opening theaters/3,126 max. theaters, 16.9 weeks average run per theater","$1,034,458,044 "
24,Finding Dory,"$486,295,561 ",https://www.the-numbers.com/movie/Finding-Dory#tab=summary,"$135,060,273 (27.8 of total gross)",3.6,47.4,"$200,000,000 (worldwide box office is 5.1 times production budget)","4,305 opening theaters/4,305 max. theaters, 7.6 weeks average run per theater","$635,838,473 "
25,Frozen II,"$477,373,578 ",https://www.the-numbers.com/movie/Frozen-II-(2019)#tab=summary,"$130,263,358 (27.3 of total gross)",3.66,32.9,"$150,000,000 (worldwide box office is 9.7 times production budget)","4,440 opening theaters/4,440 max. theaters, 8.6 weeks average run per theater","$589,348,402 "
26,Wicked,"$473,231,120 ",https://www.the-numbers.com/movie/Wicked-(2024)#tab=summary,"$112,508,890 (23.8 of total gross)",4.21,63.2,"$145,000,000 (worldwide box office is 5.2 times production budget)","3,888 opening theaters/3,888 max. theaters, 9.3 weeks average run per theater","$473,231,120 "
27,Star Wars Ep. IV: A New Hope,"$460,998,007 ",https://www.the-numbers.com/movie/Star-Wars-Ep-IV-A-New-Hope-(1977)#tab=summary,"$1,554,475 (0.3 of total gross)",12.84,59.5,"$11,000,000 (worldwide box office is 70.5 times production budget)","43 opening theaters/2,375 max. theaters, 18.4 weeks average run per theater","$1,858,585,815 "
28,Moana 2,"$460,404,054 ",https://www.the-numbers.com/movie/Moana-2-(2024)#tab=summary,"$139,787,385 (30.4 of total gross)",3.29,43.4,"$150,000,000 (worldwide box office is 7.1 times production budget)","4,200 opening theaters/4,200 max. theaters, 9.1 weeks average run per theater","$460,404,054 "
29,Avengers: Age of Ultron,"$459,005,868 ",https://www.the-numbers.com/movie/Avengers-Age-of-Ultron#tab=summary,"$191,271,109 (41.7 of total gross)",2.4,32.9,"$365,000,000 (worldwide box office is 3.8 times production budget)","4,276 opening theaters/4,276 max. theaters, 7.0 weeks average run per theater","$615,819,253 "
30,Black Panther: Wakanda Forever,"$453,829,060 ",https://www.the-numbers.com/movie/Black-Panther-Wakanda-Forever-(2022)#tab=summary,"$181,339,761 (40.0 of total gross)",2.5,52.8,"$250,000,000 (worldwide box office is 3.4 times production budget)","4,396 opening theaters/4,396 max. theaters, 8.3 weeks average run per theater","$486,748,447 "
31,The Dark Knight Rises,"$448,139,099 ",https://www.the-numbers.com/movie/Dark-Knight-Rises-The#tab=summary,"$160,887,295 (35.9 of total gross)",2.79,41.4,"$230,000,000 (worldwide box office is 4.7 times production budget)","4,404 opening theaters/4,404 max. theaters, 7.4 weeks average run per theater","$636,740,344 "
32,Shrek 2,"$439,820,881 ",https://www.the-numbers.com/movie/Shrek-2#tab=summary,"$108,037,878 (24.6 of total gross)",4.07,47.1,"$70,000,000 (worldwide box office is 13.3 times production budget)","4,163 opening theaters/4,223 max. theaters, 8.6 weeks average run per theater","$800,559,745 "
33,E.T. the Extra-Terrestrial,"$439,454,989 ",https://www.the-numbers.com/movie/ET-The-Extra-Terrestrial#tab=summary,"$11,911,430 (2.7 of total gross)",25.47,55.1,"$10,500,000 (worldwide box office is 75.9 times production budget)","1,101 opening theaters/3,010 max. theaters, 21.0 weeks average run per theater","$1,524,311,267 "
34,Toy Story 4,"$434,038,008 ",https://www.the-numbers.com/movie/Toy-Story-4-(2019)#tab=summary,"$120,908,065 (27.9 of total gross)",3.59,40.5,"$200,000,000 (worldwide box office is 5.4 times production budget)","4,575 opening theaters/4,575 max. theaters, 8.3 weeks average run per theater","$535,913,741 "
35,Captain Marvel,"$426,829,839 ",https://www.the-numbers.com/movie/Captain-Marvel-(2019)#tab=summary,"$153,433,423 (35.9 of total gross)",2.78,37.8,"$175,000,000 (worldwide box office is 6.5 times production budget)","4,310 opening theaters/4,310 max. theaters, 7.9 weeks average run per theater","$527,013,699 "
36,The Hunger Games: Catching Fire,"$424,668,047 ",https://www.the-numbers.com/movie/Hunger-Games-Catching-Fire-The#tab=summary,"$158,074,286 (37.2 of total gross)",2.69,49.1,"$130,000,000 (worldwide box office is 6.7 times production budget)","4,163 opening theaters/4,163 max. theaters, 7.3 weeks average run per theater","$590,654,967 "
37,The Lion King,"$423,981,226 ",https://www.the-numbers.com/movie/Lion-King-The#tab=summary,"$1,586,753 (0.4 of total gross)",10.37,42.9,"$79,300,000 (worldwide box office is 12.5 times production budget)","2 opening theaters/2,624 max. theaters, 24.0 weeks average run per theater","$1,024,479,106 "
38,Pirates of the Caribbean: Dead Man’s Chest,"$423,315,812 ",https://www.the-numbers.com/movie/Pirates-of-the-Caribbean-Dead-Mans-Chest#tab=summary,"$135,634,554 (32.0 of total gross)",3.12,39.7,"$225,000,000 (worldwide box office is 4.7 times production budget)","4,133 opening theaters/4,133 max. theaters, 8.3 weeks average run per theater","$730,946,842 "
39,Jurassic World: Fallen Kingdom,"$417,719,760 ",https://www.the-numbers.com/movie/Jurassic-World-Fallen-Kingdom-(2018)#tab=summary,"$148,024,610 (35.4 of total gross)",2.82,31.9,"$170,000,000 (worldwide box office is 7.7 times production budget)","4,475 opening theaters/4,485 max. theaters, 6.8 weeks average run per theater","$518,596,107 "
40,Jurassic Park,"$415,404,543 ",https://www.the-numbers.com/movie/Jurassic-Park-(1993)#tab=summary,"$50,159,460 (12.1 of total gross)",8.28,39.2,"$63,000,000 (worldwide box office is 16.8 times production budget)","2,404 opening theaters/2,778 max. theaters, 18.6 weeks average run per theater","$1,052,281,077 "
41,Toy Story 3,"$415,004,880 ",https://www.the-numbers.com/movie/Toy-Story-3#tab=summary,"$110,307,189 (26.6 of total gross)",3.76,38.8,"$200,000,000 (worldwide box office is 5.3 times production budget)","4,028 opening theaters/4,028 max. theaters, 8.4 weeks average run per theater","$594,892,926 "
42,Wonder Woman,"$412,563,408 ",https://www.the-numbers.com/movie/Wonder-Woman-(2017)#tab=summary,"$103,251,471 (25.0 of total gross)",4,50.5,"$150,000,000 (worldwide box office is 5.5 times production budget)","4,165 opening theaters/4,165 max. theaters, 9.3 weeks average run per theater","$520,188,645 "
43,Doctor Strange in the Multiverse of Madness,"$411,331,607 ",https://www.the-numbers.com/movie/Doctor-Strange-in-the-Multiverse-of-Madness-(2022)#tab=summary,"$187,420,998 (45.6 of total gross)",2.19,43.2,"$200,000,000 (worldwide box office is 4.8 times production budget)","4,534 opening theaters/4,534 max. theaters, 6.6 weeks average run per theater","$441,800,607 "
44,Iron Man 3,"$408,992,272 ",https://www.the-numbers.com/movie/Iron-Man-3#tab=summary,"$174,144,585 (42.6 of total gross)",2.35,33.7,"$200,000,000 (worldwide box office is 6.1 times production budget)","4,253 opening theaters/4,253 max. theaters, 6.2 weeks average run per theater","$568,967,103 "
45,Captain America: Civil War,"$408,084,349 ",https://www.the-numbers.com/movie/Captain-America-Civil-War#tab=summary,"$179,139,142 (43.9 of total gross)",2.28,35.4,"$250,000,000 (worldwide box office is 4.6 times production budget)","4,226 opening theaters/4,226 max. theaters, 6.0 weeks average run per theater","$533,576,179 "
46,The Hunger Games,"$408,010,692 ",https://www.the-numbers.com/movie/Hunger-Games-The#tab=summary,"$152,535,747 (37.4 of total gross)",2.67,60.2,"$80,000,000 (worldwide box office is 8.5 times production budget)","4,137 opening theaters/4,137 max. theaters, 9.1 weeks average run per theater","$579,723,727 "
47,Spider-Man,"$404,652,858 ",https://www.the-numbers.com/movie/Spider-Man#tab=summary,"$114,844,116 (28.4 of total gross)",3.52,49.2,"$139,000,000 (worldwide box office is 5.9 times production budget)","3,615 opening theaters/3,876 max. theaters, 8.2 weeks average run per theater","$786,818,955 "
48,Jumanji: Welcome to the Jungle,"$404,508,916 ",https://www.the-numbers.com/movie/Jumanji-Welcome-to-the-Jungle#tab=summary,"$36,169,328 (8.9 of total gross)",8.08,42.1,"$90,000,000 (worldwide box office is 10.7 times production budget)","3,765 opening theaters/3,849 max. theaters, 11.2 weeks average run per theater","$505,469,642 "
49,Transformers: Revenge of the Fallen,"$402,111,870 ",https://www.the-numbers.com/movie/Transformers-Revenge-of-the-Fallen#tab=summary,"$108,966,307 (27.1 of total gross)",3.69,48.1,"$210,000,000 (worldwide box office is 4.0 times production budget)","4,234 opening theaters/4,293 max. theaters, 6.7 weeks average run per theater","$606,384,700 "
50,Frozen,"$400,953,009 ",https://www.the-numbers.com/movie/Frozen-(2013)#tab=summary,"$243,390 (0.1 of total gross)",5.95,31.5,"$150,000,000 (worldwide box office is 8.5 times production budget)","1 opening theaters/3,742 max. theaters, 13.5 weeks average run per theater","$557,040,448 "
51,Spider-Man: Far From Home,"$391,362,492 ",https://www.the-numbers.com/movie/Spider-Man-Far-From-Home-(2019)#tab=summary,"$92,579,212 (23.7 of total gross)",4.23,34.6,"$160,000,000 (worldwide box office is 7.1 times production budget)","4,634 opening theaters/4,634 max. theaters, 7.2 weeks average run per theater","$483,026,677 "
52,Guardians of the Galaxy Vol 2,"$389,813,101 ",https://www.the-numbers.com/movie/Guardians-of-the-Galaxy-Vol-2#tab=summary,"$146,510,104 (37.6 of total gross)",2.66,44.9,"$200,000,000 (worldwide box office is 4.3 times production budget)","4,347 opening theaters/4,347 max. theaters, 7.0 weeks average run per theater","$491,503,465 "
53,Harry Potter and the Deathly Hallows: Part II,"$382,088,758 ",https://www.the-numbers.com/movie/Harry-Potter-and-the-Deathly-Hallows-Part-II#tab=summary,"$169,189,427 (44.3 of total gross)",2.26,29.1,"$125,000,000 (worldwide box office is 10.5 times production budget)","4,375 opening theaters/4,375 max. theaters, 6.0 weeks average run per theater","$543,409,444 "
54,Spider-Man: Across the Spider-Verse,"$381,593,754 ",https://www.the-numbers.com/movie/Spider-Man-Across-the-Spider-Verse-(2023)#tab=summary,"$120,663,589 (31.6 of total gross)",3.16,56,"$100,000,000 (worldwide box office is 6.8 times production budget)","4,313 opening theaters/4,332 max. theaters, 6.9 weeks average run per theater","$394,490,018 "
55,The Lord of the Rings: The Return of the King,"$381,472,917 ",https://www.the-numbers.com/movie/Lord-of-the-Rings-The-Return-of-the-King-The#tab=summary,"$72,629,713 (19.0 of total gross)",5.25,33.9,"$94,000,000 (worldwide box office is 12.0 times production budget)","3,703 opening theaters/3,703 max. theaters, 9.6 weeks average run per theater","$708,945,443 "
56,Finding Nemo,"$380,529,370 ",https://www.the-numbers.com/movie/Finding-Nemo#tab=summary,"$70,251,710 (18.5 of total gross)",5.42,40.7,"$94,000,000 (worldwide box office is 10.0 times production budget)","3,374 opening theaters/3,425 max. theaters, 14.6 weeks average run per theater","$695,167,284 "
57,Star Wars Ep. III: Revenge of the Sith,"$380,270,577 ",https://www.the-numbers.com/movie/Star-Wars-Ep-III-Revenge-of-the-Sith#tab=summary,"$108,435,841 (28.5 of total gross)",3.51,44.8,"$115,000,000 (worldwide box office is 7.4 times production budget)","3,661 opening theaters/3,663 max. theaters, 7.3 weeks average run per theater","$670,961,022 "
58,Jurassic World: Dominion,"$376,851,080 ",https://www.the-numbers.com/movie/Jurassic-World-Dominion-(2022)#tab=summary,"$145,075,625 (38.5 of total gross)",2.6,37.5,"$185,000,000 (worldwide box office is 5.4 times production budget)","4,676 opening theaters/4,697 max. theaters, 7.0 weeks average run per theater","$404,765,978 "
59,Spider-Man 2,"$374,715,055 ",https://www.the-numbers.com/movie/Spider-Man-2#tab=summary,"$88,156,227 (23.5 of total gross)",4.25,47.1,"$200,000,000 (worldwide box office is 4.0 times production budget)","4,152 opening theaters/4,166 max. theaters, 7.2 weeks average run per theater","$681,474,289 "
60,The Passion of the Christ,"$370,782,930 ",https://www.the-numbers.com/movie/Passion-of-the-Christ-The#tab=summary,"$83,848,082 (22.6 of total gross)",4.42,59.6,"$25,000,000 (worldwide box office is 24.9 times production budget)","3,043 opening theaters/3,408 max. theaters, 10.5 weeks average run per theater","$675,261,763 "
61,Minions: The Rise of Gru,"$370,549,695 ",https://www.the-numbers.com/movie/Minions-The-Rise-of-Gru-(2021)#tab=summary,"$107,010,140 (28.9 of total gross)",3.46,39.5,"$100,000,000 (worldwide box office is 9.4 times production budget)","4,391 opening theaters/4,427 max. theaters, 10.4 weeks average run per theater","$397,080,042 "
62,The Batman,"$369,612,903 ",https://www.the-numbers.com/movie/Batman-The-(2021)#tab=summary,"$134,008,624 (36.3 of total gross)",2.76,47.9,"$200,000,000 (worldwide box office is 3.9 times production budget)","4,417 opening theaters/4,417 max. theaters, 6.8 weeks average run per theater","$396,704,516 "
63,The Secret Life of Pets,"$369,094,830 ",https://www.the-numbers.com/movie/Secret-Life-of-Pets-The#tab=summary,"$104,352,905 (28.3 of total gross)",3.54,41.7,"$75,000,000 (worldwide box office is 11.8 times production budget)","4,370 opening theaters/4,381 max. theaters, 8.1 weeks average run per theater","$482,283,633 "
64,Despicable Me 2,"$368,065,385 ",https://www.the-numbers.com/movie/Despicable-Me-2#tab=summary,"$84,227,980 (22.9 of total gross)",4.37,37.7,"$76,000,000 (worldwide box office is 12.8 times production budget)","3,997 opening theaters/4,003 max. theaters, 8.4 weeks average run per theater","$512,031,161 "
65,The Jungle Book,"$364,001,123 ",https://www.the-numbers.com/movie/Jungle-Book-The-(2016)#tab=summary,"$103,261,464 (28.4 of total gross)",3.53,38.2,"$175,000,000 (worldwide box office is 5.4 times production budget)","4,028 opening theaters/4,144 max. theaters, 8.1 weeks average run per theater","$475,936,721 "
66,Deadpool,"$363,070,709 ",https://www.the-numbers.com/movie/Deadpool#tab=summary,"$132,434,639 (36.5 of total gross)",2.74,46.4,"$58,000,000 (worldwide box office is 13.5 times production budget)","3,558 opening theaters/3,856 max. theaters, 7.7 weeks average run per theater","$474,720,195 "
67,Despicable Me 4,"$361,004,205 ",https://www.the-numbers.com/movie/Despicable-Me-4-(2024)#tab=summary,"$75,009,210 (20.8 of total gross)",4.81,37.2,"$100,000,000 (worldwide box office is 9.7 times production budget)","4,428 opening theaters/4,449 max. theaters, 8.1 weeks average run per theater","$361,004,207 "
68,Guardians of the Galaxy Vol 3,"$358,995,815 ",https://www.the-numbers.com/movie/Guardians-of-the-Galaxy-Vol-3-(2023)#tab=summary,"$118,414,021 (33.0 of total gross)",3.03,42.5,"$250,000,000 (worldwide box office is 3.4 times production budget)","4,450 opening theaters/4,450 max. theaters, 6.9 weeks average run per theater","$371,137,356 "
69,Inside Out,"$356,461,711 ",https://www.the-numbers.com/movie/Inside-Out-(2015)#tab=summary,"$90,440,272 (25.4 of total gross)",3.94,41.9,"$175,000,000 (worldwide box office is 4.9 times production budget)","3,946 opening theaters/4,158 max. theaters, 8.9 weeks average run per theater","$478,242,219 "
70,Aladdin,"$355,559,216 ",https://www.the-numbers.com/movie/Aladdin-(2019)#tab=summary,"$91,500,929 (25.7 of total gross)",3.89,34.1,"$182,000,000 (worldwide box office is 5.7 times production budget)","4,476 opening theaters/4,476 max. theaters, 8.0 weeks average run per theater","$439,014,705 "
71,Furious 7,"$353,007,020 ",https://www.the-numbers.com/movie/Furious-7#tab=summary,"$147,187,040 (41.7 of total gross)",2.4,23.3,"$190,000,000 (worldwide box office is 8.0 times production budget)","4,004 opening theaters/4,022 max. theaters, 6.9 weeks average run per theater","$473,607,279 "
72,Transformers: Dark of the Moon,"$352,390,543 ",https://www.the-numbers.com/movie/Transformers-Dark-of-the-Moon-(2011)#tab=summary,"$97,852,865 (27.8 of total gross)",3.6,31.4,"$195,000,000 (worldwide box office is 5.8 times production budget)","4,088 opening theaters/4,107 max. theaters, 5.7 weeks average run per theater","$502,589,788 "
73,American Sniper,"$350,126,372 ",https://www.the-numbers.com/movie/American-Sniper#tab=summary,"$633,456 (0.2 of total gross)",3.92,63.9,"$58,000,000 (worldwide box office is 9.4 times production budget)","4 opening theaters/3,885 max. theaters, 8.9 weeks average run per theater","$469,837,668 "
74,The Lord of the Rings: The Two Towers,"$345,115,396 ",https://www.the-numbers.com/movie/Lord-of-the-Rings-The-Two-Towers-The#tab=summary,"$62,007,528 (18.0 of total gross)",5.57,37.4,"$94,000,000 (worldwide box office is 9.8 times production budget)","3,622 opening theaters/3,622 max. theaters, 9.7 weeks average run per theater","$663,344,246 "
75,Thor: Love and Thunder,"$343,256,830 ",https://www.the-numbers.com/movie/Thor-Love-and-Thunder-(2022)#tab=summary,"$144,165,107 (42.0 of total gross)",2.38,45.1,"$250,000,000 (worldwide box office is 3.0 times production budget)","4,375 opening theaters/4,375 max. theaters, 7.7 weeks average run per theater","$368,683,256 "
76,Zootopia,"$341,268,248 ",https://www.the-numbers.com/movie/Zootopia-(2016)#tab=summary,"$75,063,401 (22.0 of total gross)",4.55,33.3,"$150,000,000 (worldwide box office is 6.8 times production budget)","3,827 opening theaters/3,959 max. theaters, 9.8 weeks average run per theater","$446,213,159 "
77,Spider-Man 3,"$337,607,351 ",https://www.the-numbers.com/movie/Spider-Man-3#tab=summary,"$151,116,516 (44.8 of total gross)",2.23,37.7,"$258,000,000 (worldwide box office is 3.5 times production budget)","4,252 opening theaters/4,324 max. theaters, 6.5 weeks average run per theater","$554,297,637 "
78,The Hunger Games: Mockingjay - Part 1,"$337,135,885 ",https://www.the-numbers.com/movie/Hunger-Games-Mockingjay-Part-1-The#tab=summary,"$121,897,634 (36.2 of total gross)",2.77,44,"$125,000,000 (worldwide box office is 6.1 times production budget)","4,151 opening theaters/4,151 max. theaters, 7.3 weeks average run per theater","$466,136,119 "
79,Minions,"$336,045,770 ",https://www.the-numbers.com/movie/Minions#tab=summary,"$115,718,405 (34.4 of total gross)",2.9,29,"$74,000,000 (worldwide box office is 15.6 times production budget)","4,301 opening theaters/4,311 max. theaters, 7.8 weeks average run per theater","$450,851,446 "
80,Joker,"$335,451,311 ",https://www.the-numbers.com/movie/Joker-(2019)#tab=summary,"$96,202,337 (28.7 of total gross)",3.49,31.5,"$55,000,000 (worldwide box office is 19.3 times production budget)","4,374 opening theaters/4,374 max. theaters, 7.5 weeks average run per theater","$414,182,628 "
81,Aquaman,"$335,061,807 ",https://www.the-numbers.com/movie/Aquaman-(2018)#tab=summary,"$67,873,522 (20.3 of total gross)",4.94,29.6,"$160,000,000 (worldwide box office is 7.1 times production budget)","4,125 opening theaters/4,184 max. theaters, 7.5 weeks average run per theater","$415,055,194 "
82,Spider-Man: Homecoming,"$334,580,976 ",https://www.the-numbers.com/movie/Spider-Man-Homecoming#tab=summary,"$117,027,503 (35.0 of total gross)",2.86,38.1,"$175,000,000 (worldwide box office is 5.0 times production budget)","4,348 opening theaters/4,348 max. theaters, 8.1 weeks average run per theater","$421,763,879 "
83,Alice in Wonderland,"$334,191,110 ",https://www.the-numbers.com/movie/Alice-in-Wonderland-(2010)#tab=summary,"$116,101,023 (34.7 of total gross)",2.88,32.6,"$200,000,000 (worldwide box office is 5.1 times production budget)","3,728 opening theaters/3,739 max. theaters, 7.2 weeks average run per theater","$479,049,606 "
84,Guardians of the Galaxy,"$333,714,112 ",https://www.the-numbers.com/movie/Guardians-of-the-Galaxy#tab=summary,"$94,320,883 (28.3 of total gross)",3.54,43.3,"$170,000,000 (worldwide box office is 4.5 times production budget)","4,080 opening theaters/4,088 max. theaters, 9.7 weeks average run per theater","$461,883,876 "
85,Batman v Superman: Dawn of Justice,"$330,360,194 ",https://www.the-numbers.com/movie/Batman-v-Superman-Dawn-of-Justice#tab=summary,"$166,007,347 (50.3 of total gross)",1.99,37.9,"$263,000,000 (worldwide box office is 3.3 times production budget)","4,242 opening theaters/4,256 max. theaters, 5.9 weeks average run per theater","$431,950,728 "
86,Forrest Gump,"$330,151,138 ",https://www.the-numbers.com/movie/Forrest-Gump-(1994)#tab=summary,"$24,450,602 (7.4 of total gross)",13.5,48.6,"$55,000,000 (worldwide box office is 12.4 times production budget)","1,595 opening theaters/2,365 max. theaters, 23.8 weeks average run per theater","$909,101,283 "
87,Oppenheimer,"$330,078,895 ",https://www.the-numbers.com/movie/Oppenheimer-(2023)#tab=summary,"$82,455,420 (25.0 of total gross)",4,33.8,"$100,000,000 (worldwide box office is 9.8 times production budget)","3,610 opening theaters/3,761 max. theaters, 10.1 weeks average run per theater","$341,107,915 "
88,It,"$328,828,874 ",https://www.the-numbers.com/movie/It-(2017)#tab=summary,"$123,403,419 (37.5 of total gross)",2.66,46.9,"$35,000,000 (worldwide box office is 20.0 times production budget)","4,103 opening theaters/4,148 max. theaters, 7.4 weeks average run per theater","$412,911,768 "
89,Suicide Squad,"$325,100,054 ",https://www.the-numbers.com/movie/Suicide-Squad#tab=summary,"$133,682,248 (41.1 of total gross)",2.43,43.6,"$175,000,000 (worldwide box office is 4.3 times production budget)","4,255 opening theaters/4,255 max. theaters, 7.4 weeks average run per theater","$425,073,016 "
90,Deadpool 2,"$324,591,735 ",https://www.the-numbers.com/movie/Deadpool-2#tab=summary,"$125,507,153 (38.7 of total gross)",2.59,41.3,"$110,000,000 (worldwide box office is 7.1 times production budget)","4,349 opening theaters/4,349 max. theaters, 7.1 weeks average run per theater","$402,977,788 "
91,Shrek the Third,"$322,719,944 ",https://www.the-numbers.com/movie/Shrek-the-Third#tab=summary,"$121,629,270 (37.7 of total gross)",2.65,40,"$160,000,000 (worldwide box office is 5.0 times production budget)","4,122 opening theaters/4,172 max. theaters, 6.7 weeks average run per theater","$530,517,808 "
92,Transformers,"$319,246,193 ",https://www.the-numbers.com/movie/Transformers#tab=summary,"$70,502,384 (22.1 of total gross)",4.53,45.1,"$151,000,000 (worldwide box office is 4.7 times production budget)","4,011 opening theaters/4,050 max. theaters, 6.4 weeks average run per theater","$524,807,321 "
93,The Lord of the Rings: The Fellowship of the Ring,"$318,651,105 ",https://www.the-numbers.com/movie/Lord-of-the-Rings-The-Fellowship-of-the-Ring-The#tab=summary,"$47,211,490 (14.8 of total gross)",6.75,35.6,"$93,000,000 (worldwide box office is 9.6 times production budget)","3,359 opening theaters/3,381 max. theaters, 12.4 weeks average run per theater","$630,098,988 "
94,Iron Man,"$318,604,126 ",https://www.the-numbers.com/movie/Iron-Man#tab=summary,"$102,118,668 (32.1 of total gross)",3.12,54.5,"$186,000,000 (worldwide box office is 3.1 times production budget)","4,105 opening theaters/4,154 max. theaters, 8.0 weeks average run per theater","$501,840,839 "
95,Harry Potter and the Sorcerer’s Stone,"$317,871,467 ",https://www.the-numbers.com/movie/Harry-Potter-and-the-Sorcerers-Stone#tab=summary,"$90,294,621 (28.4 of total gross)",3.52,33,"$125,000,000 (worldwide box office is 7.7 times production budget)","3,672 opening theaters/3,672 max. theaters, 9.8 weeks average run per theater","$633,704,152 "
96,Indiana Jones and the Kingdom of the Crystal Skull,"$317,101,119 ",https://www.the-numbers.com/movie/Indiana-Jones-and-the-Kingdom-of-the-Crystal-Skull-(2008)#tab=summary,"$100,137,835 (31.6 of total gross)",3.17,40.3,"$185,000,000 (worldwide box office is 4.3 times production budget)","4,260 opening theaters/4,264 max. theaters, 7.0 weeks average run per theater","$499,500,506 "
97,Jumanji: The Next Level,"$316,831,246 ",https://www.the-numbers.com/movie/Jumanji-The-Next-Level#tab=summary,"$59,251,543 (18.7 of total gross)",5.35,39.8,"$125,000,000 (worldwide box office is 6.4 times production budget)","4,227 opening theaters/4,227 max. theaters, 9.8 weeks average run per theater","$390,861,102 "
98,Star Wars Ep. VI: Return of the Jedi,"$316,465,003 ",https://www.the-numbers.com/movie/Star-Wars-Ep-VI-Return-of-the-Jedi#tab=summary,"$23,019,618 (7.3 of total gross)",13.75,65.6,"$32,500,000 (worldwide box office is 14.8 times production budget)","1,002 opening theaters/2,111 max. theaters, 19.3 weeks average run per theater","$1,059,357,970 "
99,Thor: Ragnarok,"$315,058,289 ",https://www.the-numbers.com/movie/Thor-Ragnarok#tab=summary,"$122,744,989 (39.0 of total gross)",2.57,37,"$180,000,000 (worldwide box office is 4.7 times production budget)","4,080 opening theaters/4,080 max. theaters, 6.5 weeks average run per theater","$397,173,123 "
100,Iron Man 2,"$312,433,331 ",https://www.the-numbers.com/movie/Iron-Man-2#tab=summary,"$128,122,480 (41.0 of total gross)",2.44,50.3,"$170,000,000 (worldwide box office is 3.7 times production budget)","4,380 opening theaters/4,390 max. theaters, 6.2 weeks average run per theater","$447,860,709 "
101,Star Wars Ep. II: Attack of the Clones,"$310,676,740 ",https://www.the-numbers.com/movie/Star-Wars-Ep-II-Attack-of-the-Clones#tab=summary,"$80,027,814 (25.8 of total gross)",3.88,47.3,"$115,000,000 (worldwide box office is 5.7 times production budget)","3,161 opening theaters/3,161 max. theaters, 7.9 weeks average run per theater","$604,776,916 "
102,Pirates of the Caribbean: At World’s End,"$309,420,425 ",https://www.the-numbers.com/movie/Pirates-of-the-Caribbean-At-Worlds-End#tab=summary,"$114,732,820 (37.1 of total gross)",2.7,32.2,"$300,000,000 (worldwide box office is 3.2 times production budget)","4,362 opening theaters/4,362 max. theaters, 6.1 weeks average run per theater","$508,654,786 "
103,Independence Day,"$306,169,255 ",https://www.the-numbers.com/movie/Independence-Day#tab=summary,"$50,228,264 (16.4 of total gross)",6.1,37.5,"$75,000,000 (worldwide box office is 10.9 times production budget)","2,882 opening theaters/2,977 max. theaters, 13.2 weeks average run per theater","$783,433,091 "
104,Pirates of the Caribbean: The Curse of the Blac…,"$305,410,819 ",https://www.the-numbers.com/movie/Pirates-of-the-Caribbean-The-Curse-of-the-Black-Pearl#tab=summary,"$46,630,690 (15.3 of total gross)",6.55,46.7,"$140,000,000 (worldwide box office is 4.7 times production budget)","3,269 opening theaters/3,416 max. theaters, 10.8 weeks average run per theater","$572,835,214 "
105,Skyfall,"$304,360,277 ",https://www.the-numbers.com/movie/Skyfall#tab=summary,"$88,364,714 (29.0 of total gross)",3.44,27.4,"$200,000,000 (worldwide box office is 5.6 times production budget)","3,505 opening theaters/3,526 max. theaters, 8.2 weeks average run per theater","$432,227,099 "
106,The Hobbit: An Unexpected Journey,"$303,003,568 ",https://www.the-numbers.com/movie/Hobbit-An-Unexpected-Journey-The#tab=summary,"$84,617,303 (27.9 of total gross)",3.58,29.9,"$200,000,000 (worldwide box office is 5.1 times production budget)","4,045 opening theaters/4,100 max. theaters, 6.8 weeks average run per theater","$429,360,195 "
107,Harry Potter and the Half-Blood Prince,"$302,854,063 ",https://www.the-numbers.com/movie/Harry-Potter-and-the-Half-Blood-Prince#tab=summary,"$77,835,727 (25.7 of total gross)",3.89,32.7,"$250,000,000 (worldwide box office is 3.7 times production budget)","4,325 opening theaters/4,455 max. theaters, 6.1 weeks average run per theater","$455,354,466 "
108,The Twilight Saga: Eclipse,"$300,531,751 ",https://www.the-numbers.com/movie/Twilight-Saga-Eclipse-The#tab=summary,"$64,832,191 (21.6 of total gross)",4.64,42.6,"$68,000,000 (worldwide box office is 10.4 times production budget)","4,468 opening theaters/4,468 max. theaters, 5.5 weeks average run per theater","$430,800,264 "
109,The Little Mermaid,"$298,172,056 ",https://www.the-numbers.com/movie/Little-Mermaid-The-(2023)#tab=summary,"$95,578,040 (32.1 of total gross)",3.12,52.3,"$250,000,000 (worldwide box office is 2.3 times production budget)","4,320 opening theaters/4,320 max. theaters, 6.7 weeks average run per theater","$308,256,482 "
110,Harry Potter and the Deathly Hallows: Part I,"$297,414,693 ",https://www.the-numbers.com/movie/Harry-Potter-and-the-Deathly-Hallows-Part-I#tab=summary,"$125,017,372 (42.0 of total gross)",2.38,31.5,"$125,000,000 (worldwide box office is 7.5 times production budget)","4,125 opening theaters/4,125 max. theaters, 6.8 weeks average run per theater","$424,190,236 "
111,The Twilight Saga: New Moon,"$296,623,634 ",https://www.the-numbers.com/movie/Twilight-Saga-New-Moon-The#tab=summary,"$142,839,137 (48.2 of total gross)",2.08,43.1,"$50,000,000 (worldwide box office is 13.8 times production budget)","4,024 opening theaters/4,124 max. theaters, 6.5 weeks average run per theater","$446,662,256 "
112,Beetlejuice Beetlejuice,"$294,100,435 ",https://www.the-numbers.com/movie/Beetlejuice-Beetlejuice-(2024)#tab=summary,"$111,003,345 (37.7 of total gross)",2.65,65.1,"$100,000,000 (worldwide box office is 4.5 times production budget)","4,575 opening theaters/4,575 max. theaters, 7.5 weeks average run per theater","$294,100,435 "
113,Inception,"$293,662,683 ",https://www.the-numbers.com/movie/Inception#tab=summary,"$62,785,337 (21.4 of total gross)",4.68,35.5,"$160,000,000 (worldwide box office is 5.2 times production budget)","3,792 opening theaters/3,792 max. theaters, 8.2 weeks average run per theater","$419,396,244 "
114,The Sixth Sense,"$293,506,292 ",https://www.the-numbers.com/movie/Sixth-Sense-The#tab=summary,"$26,681,262 (9.1 of total gross)",10.03,43.6,"$40,000,000 (worldwide box office is 16.8 times production budget)","2,161 opening theaters/2,821 max. theaters, 18.3 weeks average run per theater","$651,263,775 "
115,Harry Potter and the Order of the Phoenix,"$293,108,509 ",https://www.the-numbers.com/movie/Harry-Potter-and-the-Order-of-the-Phoenix#tab=summary,"$77,108,414 (26.3 of total gross)",3.8,31.2,"$150,000,000 (worldwide box office is 6.3 times production budget)","4,285 opening theaters/4,285 max. theaters, 6.1 weeks average run per theater","$481,084,908 "
116,Up,"$293,004,164 ",https://www.the-numbers.com/movie/Up-(2009)#tab=summary,"$68,108,790 (23.2 of total gross)",4.3,40.1,"$175,000,000 (worldwide box office is 4.2 times production budget)","3,766 opening theaters/3,886 max. theaters, 7.8 weeks average run per theater","$441,850,281 "
117,"The Twilight Saga: Breaking Dawn, Part 2","$292,324,737 ",https://www.the-numbers.com/movie/Twilight-Saga-Breaking-Dawn-Part-2-The#tab=summary,"$141,067,634 (48.3 of total gross)",2.07,35.2,"$136,200,000 (worldwide box office is 6.1 times production budget)","4,070 opening theaters/4,070 max. theaters, 5.9 weeks average run per theater","$415,256,015 "
118,Star Wars Ep. V: The Empire Strikes Back,"$291,738,960 ",https://www.the-numbers.com/movie/Star-Wars-Ep-V-The-Empire-Strikes-Back#tab=summary,"$4,910,483 (1.7 of total gross)",13.28,53.1,"$23,000,000 (worldwide box office is 23.9 times production budget)","126 opening theaters/2,322 max. theaters, 15.2 weeks average run per theater","$1,094,007,116 "
119,"The Chronicles of Narnia: The Lion, the Witch a…","$291,710,957 ",https://www.the-numbers.com/movie/Chronicles-of-Narnia-The-Lion-the-Witch-and-the-Wardrobe-The#tab=summary,"$65,556,312 (22.5 of total gross)",4.45,40.5,"$180,000,000 (worldwide box office is 4.0 times production budget)","3,616 opening theaters/3,853 max. theaters, 8.7 weeks average run per theater","$511,911,716 "
120,Harry Potter and the Goblet of Fire,"$291,147,424 ",https://www.the-numbers.com/movie/Harry-Potter-and-the-Goblet-of-Fire#tab=summary,"$102,685,961 (35.3 of total gross)",2.84,32.9,"$150,000,000 (worldwide box office is 5.9 times production budget)","3,858 opening theaters/3,858 max. theaters, 7.5 weeks average run per theater","$512,071,017 "
121,Man of Steel,"$291,045,518 ",https://www.the-numbers.com/movie/Man-of-Steel#tab=summary,"$116,619,362 (40.1 of total gross)",2.5,43.6,"$225,000,000 (worldwide box office is 3.0 times production budget)","4,207 opening theaters/4,207 max. theaters, 5.0 weeks average run per theater","$404,886,192 "
122,"Monsters, Inc.","$290,149,425 ",https://www.the-numbers.com/movie/Monsters-Inc#tab=summary,"$62,577,067 (21.6 of total gross)",4.64,51.8,"$115,000,000 (worldwide box office is 4.9 times production budget)","3,237 opening theaters/3,649 max. theaters, 13.3 weeks average run per theater","$559,113,616 "
123,Home Alone,"$285,761,243 ",https://www.the-numbers.com/movie/Home-Alone#tab=summary,"$17,081,997 (6.0 of total gross)",11.36,59.9,"$15,000,000 (worldwide box office is 31.8 times production budget)","1,202 opening theaters/2,173 max. theaters, 22.1 weeks average run per theater","$766,559,861 "
124,Dune: Part Two,"$282,709,065 ",https://www.the-numbers.com/movie/Dune-Part-Two-(2024)#tab=summary,"$82,505,391 (29.2 of total gross)",3.43,39.6,"$190,000,000 (worldwide box office is 3.8 times production budget)","4,071 opening theaters/4,074 max. theaters, 6.9 weeks average run per theater","$282,709,069 "
125,The Hunger Games: Mockingjay - Part 2,"$281,723,902 ",https://www.the-numbers.com/movie/Hunger-Games-Mockingjay-Part-2-The#tab=summary,"$102,665,981 (36.4 of total gross)",2.74,43.6,"$160,000,000 (worldwide box office is 4.0 times production budget)","4,175 opening theaters/4,175 max. theaters, 6.1 weeks average run per theater","$377,713,963 "
126,The Matrix Reloaded,"$281,553,689 ",https://www.the-numbers.com/movie/Matrix-Reloaded-The#tab=summary,"$91,774,413 (32.6 of total gross)",3.07,38.1,"$150,000,000 (worldwide box office is 4.9 times production budget)","3,603 opening theaters/3,603 max. theaters, 6.5 weeks average run per theater","$528,088,262 "
127,"The Twilight Saga: Breaking Dawn, Part 1","$281,287,133 ",https://www.the-numbers.com/movie/Twilight-Saga-Breaking-Dawn-Part-1-The#tab=summary,"$138,122,261 (49.1 of total gross)",2.04,41.2,"$127,500,000 (worldwide box office is 5.4 times production budget)","4,061 opening theaters/4,066 max. theaters, 6.1 weeks average run per theater","$401,149,063 "
128,Meet the Fockers,"$279,167,575 ",https://www.the-numbers.com/movie/Meet-the-Fockers#tab=summary,"$46,120,980 (16.5 of total gross)",6.05,54,"$60,000,000 (worldwide box office is 8.6 times production budget)","3,518 opening theaters/3,554 max. theaters, 8.4 weeks average run per theater","$501,803,743 "
129,The Hangover,"$277,322,503 ",https://www.the-numbers.com/movie/Hangover-The#tab=summary,"$44,979,319 (16.2 of total gross)",6.17,59.6,"$35,000,000 (worldwide box office is 13.3 times production budget)","3,269 opening theaters/3,545 max. theaters, 10.1 weeks average run per theater","$418,202,338 "
130,Gravity,"$274,092,705 ",https://www.the-numbers.com/movie/Gravity-(2013)#tab=summary,"$55,785,112 (20.4 of total gross)",4.91,40,"$110,000,000 (worldwide box office is 6.2 times production budget)","3,575 opening theaters/3,820 max. theaters, 9.2 weeks average run per theater","$381,176,576 "
131,Jaws,"$273,661,595 ",https://www.the-numbers.com/movie/Jaws-(1975)#tab=summary,"$7,790,627 (2.8 of total gross)",35.13,56.5,"$12,000,000 (worldwide box office is 40.4 times production budget)","409 opening theaters/1,246 max. theaters, 5.8 weeks average run per theater",N/A
132,Dr. Seuss’ The Grinch,"$272,961,295 ",https://www.the-numbers.com/movie/Dr-Seuss-The-Grinch-(2018)#tab=summary,"$67,572,855 (24.8 of total gross)",4.04,53.1,"$75,000,000 (worldwide box office is 6.9 times production budget)","4,141 opening theaters/4,141 max. theaters, 7.7 weeks average run per theater","$337,457,918 "
133,Sing,"$270,329,045 ",https://www.the-numbers.com/movie/Sing-(2016)#tab=summary,"$35,258,145 (13.0 of total gross)",6.3,42.8,"$75,000,000 (worldwide box office is 8.4 times production budget)","4,022 opening theaters/4,029 max. theaters, 7.0 weeks average run per theater","$348,615,923 "
134,Monsters University,"$268,488,329 ",https://www.the-numbers.com/movie/Monsters-University#tab=summary,"$82,429,469 (30.7 of total gross)",3.26,36.1,"$200,000,000 (worldwide box office is 3.7 times production budget)","4,004 opening theaters/4,004 max. theaters, 6.2 weeks average run per theater","$373,505,896 "
135,Shrek,"$268,377,061 ",https://www.the-numbers.com/movie/Shrek#tab=summary,"$42,347,760 (15.8 of total gross)",6.32,54.5,"$50,000,000 (worldwide box office is 9.9 times production budget)","3,587 opening theaters/3,715 max. theaters, 10.8 weeks average run per theater","$535,210,440 "
136,Twisters,"$267,762,265 ",https://www.the-numbers.com/movie/Twisters-(2024)#tab=summary,"$81,251,415 (30.3 of total gross)",3.3,72,"$155,000,000 (worldwide box office is 2.4 times production budget)","4,151 opening theaters/4,170 max. theaters, 7.3 weeks average run per theater","$267,762,265 "
137,Despicable Me 3,"$264,624,300 ",https://www.the-numbers.com/movie/Despicable-Me-3#tab=summary,"$72,434,025 (27.4 of total gross)",3.65,25.6,"$75,000,000 (worldwide box office is 13.8 times production budget)","4,529 opening theaters/4,535 max. theaters, 7.8 weeks average run per theater","$333,656,717 "
138,Harry Potter and the Chamber of Secrets,"$263,581,232 ",https://www.the-numbers.com/movie/Harry-Potter-and-the-Chamber-of-Secrets#tab=summary,"$88,357,488 (33.5 of total gross)",2.98,30.1,"$100,000,000 (worldwide box office is 8.8 times production budget)","3,682 opening theaters/3,682 max. theaters, 8.5 weeks average run per theater","$511,162,406 "
139,The Amazing Spider-Man,"$262,717,220 ",https://www.the-numbers.com/movie/Amazing-Spider-Man-The#tab=summary,"$62,004,688 (23.6 of total gross)",4.24,34.6,"$220,000,000 (worldwide box office is 3.4 times production budget)","4,318 opening theaters/4,318 max. theaters, 5.2 weeks average run per theater","$372,993,938 "
140,How the Grinch Stole Christmas,"$262,425,630 ",https://www.the-numbers.com/movie/How-the-Grinch-Stole-Christmas-(2000)#tab=summary,"$55,820,330 (21.3 of total gross)",4.7,75.5,"$123,000,000 (worldwide box office is 2.8 times production budget)","3,127 opening theaters/3,256 max. theaters, 8.7 weeks average run per theater","$547,233,423 "
141,The Incredibles,"$261,441,092 ",https://www.the-numbers.com/movie/Incredibles-The#tab=summary,"$70,467,623 (27.0 of total gross)",3.71,41.4,"$92,000,000 (worldwide box office is 6.9 times production budget)","3,933 opening theaters/3,933 max. theaters, 8.3 weeks average run per theater","$475,595,170 "
142,Captain America: The Winter Soldier,"$259,746,958 ",https://www.the-numbers.com/movie/Captain-America-The-Winter-Soldier#tab=summary,"$95,023,721 (36.6 of total gross)",2.73,36.4,"$170,000,000 (worldwide box office is 4.2 times production budget)","3,938 opening theaters/3,938 max. theaters, 7.0 weeks average run per theater","$359,576,263 "
143,The Lego Movie,"$258,364,131 ",https://www.the-numbers.com/movie/LEGO-Movie-The#tab=summary,"$69,050,279 (26.7 of total gross)",3.74,55.2,"$60,000,000 (worldwide box office is 7.8 times production budget)","3,775 opening theaters/3,890 max. theaters, 8.4 weeks average run per theater","$357,377,689 "
144,The Hobbit: The Desolation of Smaug,"$258,241,522 ",https://www.the-numbers.com/movie/Hobbit-The-Desolation-of-Smaug-The#tab=summary,"$73,645,197 (28.5 of total gross)",3.51,26.9,"$250,000,000 (worldwide box office is 3.8 times production budget)","3,903 opening theaters/3,928 max. theaters, 6.4 weeks average run per theater","$359,051,501 "
145,Star Trek,"$257,730,019 ",https://www.the-numbers.com/movie/Star-Trek#tab=summary,"$79,204,289 (30.7 of total gross)",3.25,66.6,"$140,000,000 (worldwide box office is 2.8 times production budget)","3,849 opening theaters/4,053 max. theaters, 7.4 weeks average run per theater","$388,656,874 "
146,I am Legend,"$256,393,010 ",https://www.the-numbers.com/movie/I-am-Legend#tab=summary,"$77,211,321 (30.1 of total gross)",3.32,43.8,"$150,000,000 (worldwide box office is 3.9 times production budget)","3,606 opening theaters/3,648 max. theaters, 6.8 weeks average run per theater","$418,030,867 "
147,The Blind Side,"$255,959,475 ",https://www.the-numbers.com/movie/Blind-Side-The-(2009)#tab=summary,"$34,119,372 (13.3 of total gross)",6.38,83.7,"$35,000,000 (worldwide box office is 8.7 times production budget)","3,110 opening theaters/3,407 max. theaters, 11.6 weeks average run per theater","$382,447,480 "
148,The Hobbit: The Battle of the Five Armies,"$255,119,788 ",https://www.the-numbers.com/movie/Hobbit-The-Battle-of-the-Five-Armies-The#tab=summary,"$54,724,334 (21.5 of total gross)",4.66,27.1,"$250,000,000 (worldwide box office is 3.8 times production budget)","3,875 opening theaters/3,875 max. theaters, 5.6 weeks average run per theater","$351,696,936 "
149,Mufasa: The Lion King,"$254,543,461 ",https://www.the-numbers.com/movie/Mufasa-The-Lion-King-(2024)#tab=summary,"$35,409,365 (13.9 of total gross)",6.92,35.3,"$200,000,000 (worldwide box office is 3.6 times production budget)","4,100 opening theaters/4,100 max. theaters, 9.5 weeks average run per theater","$254,543,461 "
150,The Hangover Part II,"$254,464,305 ",https://www.the-numbers.com/movie/Hangover-Part-II-The#tab=summary,"$85,946,294 (33.8 of total gross)",2.96,43.4,"$80,000,000 (worldwide box office is 7.3 times production budget)","3,615 opening theaters/3,675 max. theaters, 5.9 weeks average run per theater","$362,924,498 "
151,Despicable Me,"$252,756,705 ",https://www.the-numbers.com/movie/Despicable-Me#tab=summary,"$56,397,125 (22.3 of total gross)",4.48,46.4,"$69,000,000 (worldwide box office is 7.9 times production budget)","3,476 opening theaters/3,602 max. theaters, 9.3 weeks average run per theater","$360,533,009 "
152,Batman,"$252,651,617 ",https://www.the-numbers.com/movie/Batman#tab=summary,"$40,489,746 (16.0 of total gross)",6.24,61.2,"$35,000,000 (worldwide box office is 11.8 times production budget)","2,194 opening theaters/2,201 max. theaters, 13.3 weeks average run per theater","$715,506,622 "
153,Night at the Museum,"$250,863,268 ",https://www.the-numbers.com/movie/Night-at-the-Museum#tab=summary,"$30,433,781 (12.1 of total gross)",6.82,43.3,"$110,000,000 (worldwide box office is 5.3 times production budget)","3,685 opening theaters/3,768 max. theaters, 9.5 weeks average run per theater","$421,985,589 "
154,Harry Potter and the Prisoner of Azkaban,"$250,853,809 ",https://www.the-numbers.com/movie/Harry-Potter-and-the-Prisoner-of-Azkaban#tab=summary,"$93,687,367 (37.3 of total gross)",2.68,32,"$130,000,000 (worldwide box office is 6.0 times production budget)","3,855 opening theaters/3,855 max. theaters, 6.7 weeks average run per theater","$455,455,747 "
155,Men in Black,"$250,690,539 ",https://www.the-numbers.com/movie/Men-in-Black#tab=summary,"$51,068,455 (20.4 of total gross)",4.91,42.6,"$90,000,000 (worldwide box office is 6.5 times production budget)","3,020 opening theaters/3,180 max. theaters, 11.4 weeks average run per theater","$617,712,457 "
156,Moana,"$248,757,044 ",https://www.the-numbers.com/movie/Moana-(2016)#tab=summary,"$56,631,401 (22.8 of total gross)",4.39,36.3,"$150,000,000 (worldwide box office is 4.6 times production budget)","3,875 opening theaters/3,875 max. theaters, 8.2 weeks average run per theater","$323,447,746 "
157,Toy Story 2,"$245,852,179 ",https://www.the-numbers.com/movie/Toy-Story-2#tab=summary,"$300,163 (0.1 of total gross)",4.28,48.1,"$90,000,000 (worldwide box office is 5.7 times production budget)","1 opening theaters/3,257 max. theaters, 11.5 weeks average run per theater","$542,625,661 "
158,Transformers: Age of Extinction,"$245,439,076 ",https://www.the-numbers.com/movie/Transformers-Age-of-Extinction#tab=summary,"$100,038,390 (40.8 of total gross)",2.45,22.2,"$210,000,000 (worldwide box office is 5.3 times production budget)","4,233 opening theaters/4,233 max. theaters, 5.2 weeks average run per theater","$339,769,388 "
159,Twister,"$245,219,182 ",https://www.the-numbers.com/movie/Twister#tab=summary,"$41,059,405 (16.7 of total gross)",5.97,49.1,"$88,000,000 (worldwide box office is 5.7 times production budget)","2,414 opening theaters/2,808 max. theaters, 11.5 weeks average run per theater","$623,799,747 "
160,Cars,"$244,082,982 ",https://www.the-numbers.com/movie/Cars#tab=summary,"$60,119,509 (24.6 of total gross)",4.06,52.9,"$70,000,000 (worldwide box office is 6.6 times production budget)","3,985 opening theaters/3,988 max. theaters, 7.7 weeks average run per theater","$421,462,366 "
161,Bruce Almighty,"$242,704,995 ",https://www.the-numbers.com/movie/Bruce-Almighty#tab=summary,"$67,953,330 (28.0 of total gross)",3.57,50.1,"$81,000,000 (worldwide box office is 6.0 times production budget)","3,483 opening theaters/3,549 max. theaters, 7.8 weeks average run per theater","$455,222,795 "
162,Ghostbusters,"$242,604,185 ",https://www.the-numbers.com/movie/Ghostbusters-(1984)#tab=summary,"$13,612,564 (5.6 of total gross)",15.87,82.1,"$30,000,000 (worldwide box office is 9.9 times production budget)","1,339 opening theaters/1,506 max. theaters, 24.2 weeks average run per theater","$775,850,845 "
163,My Big Fat Greek Wedding,"$241,438,208 ",https://www.the-numbers.com/movie/My-Big-Fat-Greek-Wedding#tab=summary,"$597,362 (0.2 of total gross)",21.75,64.4,"$5,000,000 (worldwide box office is 75.0 times production budget)","108 opening theaters/2,016 max. theaters, 23.3 weeks average run per theater","$469,032,554 "
164,Maleficent,"$241,407,328 ",https://www.the-numbers.com/movie/Maleficent#tab=summary,"$69,431,298 (28.8 of total gross)",3.48,31.8,"$180,000,000 (worldwide box office is 4.2 times production budget)","3,948 opening theaters/3,948 max. theaters, 7.4 weeks average run per theater","$334,188,106 "
165,Pirates of the Caribbean: On Stranger Tides,"$241,071,802 ",https://www.the-numbers.com/movie/Pirates-of-the-Caribbean-On-Stranger-Tides#tab=summary,"$90,151,958 (37.4 of total gross)",2.67,23.1,"$379,000,000 (worldwide box office is 2.8 times production budget)","4,155 opening theaters/4,164 max. theaters, 6.0 weeks average run per theater","$343,823,717 "
166,Shrek Forever After,"$238,736,787 ",https://www.the-numbers.com/movie/Shrek-Forever-After-(2010)#tab=summary,"$70,838,207 (29.7 of total gross)",3.37,31.6,"$165,000,000 (worldwide box office is 4.6 times production budget)","4,359 opening theaters/4,386 max. theaters, 5.9 weeks average run per theater","$342,219,654 "
167,Fast and Furious 6,"$238,679,850 ",https://www.the-numbers.com/movie/Fast-and-Furious-6#tab=summary,"$97,375,245 (40.8 of total gross)",2.45,30.2,"$160,000,000 (worldwide box office is 4.9 times production budget)","3,658 opening theaters/3,771 max. theaters, 5.5 weeks average run per theater","$332,038,019 "
168,Brave,"$237,282,182 ",https://www.the-numbers.com/movie/Brave#tab=summary,"$66,323,594 (28.0 of total gross)",3.58,42.8,"$185,000,000 (worldwide box office is 3.0 times production budget)","4,164 opening theaters/4,164 max. theaters, 7.3 weeks average run per theater","$337,143,240 "
169,Sonic the Hedgehog 3,"$236,115,100 ",https://www.the-numbers.com/movie/Sonic-the-Hedgehog-3-(2024)#tab=summary,"$60,102,146 (25.5 of total gross)",3.93,48.1,"$122,000,000 (worldwide box office is 4.0 times production budget)","3,761 opening theaters/3,769 max. theaters, 7.6 weeks average run per theater","$236,115,104 "
170,Oz the Great and Powerful,"$234,770,996 ",https://www.the-numbers.com/movie/Oz-The-Great-and-Powerful#tab=summary,"$79,110,453 (33.7 of total gross)",2.97,47.9,"$200,000,000 (worldwide box office is 2.5 times production budget)","3,912 opening theaters/3,912 max. theaters, 7.1 weeks average run per theater","$326,600,239 "
171,Beverly Hills Cop,"$234,760,478 ",https://www.the-numbers.com/movie/Beverly-Hills-Cop#tab=summary,"$15,214,805 (6.5 of total gross)",11.7,74.2,"$15,000,000 (worldwide box office is 21.1 times production budget)","1,532 opening theaters/2,006 max. theaters, 20.3 weeks average run per theater","$766,640,422 "
172,X-Men: The Last Stand,"$234,362,462 ",https://www.the-numbers.com/movie/X-Men-The-Last-Stand#tab=summary,"$102,750,665 (43.8 of total gross)",2.28,51,"$210,000,000 (worldwide box office is 2.2 times production budget)","3,690 opening theaters/3,714 max. theaters, 5.6 weeks average run per theater","$404,677,772 "
173,War of the Worlds,"$234,280,354 ",https://www.the-numbers.com/movie/War-of-the-Worlds#tab=summary,"$64,878,725 (27.7 of total gross)",3.61,38.6,"$132,000,000 (worldwide box office is 4.6 times production budget)","3,908 opening theaters/3,910 max. theaters, 6.1 weeks average run per theater","$413,371,418 "
174,Fantastic Beasts and Where to Find Them,"$234,037,575 ",https://www.the-numbers.com/movie/Fantastic-Beasts-and-Where-to-Find-Them#tab=summary,"$74,403,387 (31.8 of total gross)",3.15,28.8,"$180,000,000 (worldwide box office is 4.5 times production budget)","4,144 opening theaters/4,144 max. theaters, 6.4 weeks average run per theater","$305,477,535 "
175,X-Men: Days of Future Past,"$233,921,534 ",https://www.the-numbers.com/movie/X-Men-Days-of-Future-Past#tab=summary,"$90,823,660 (38.8 of total gross)",2.58,31.3,"$200,000,000 (worldwide box office is 3.7 times production budget)","3,996 opening theaters/4,001 max. theaters, 6.0 weeks average run per theater","$323,825,273 "
176,Cast Away,"$233,632,142 ",https://www.the-numbers.com/movie/Cast-Away-(2000)#tab=summary,"$28,883,406 (12.4 of total gross)",7.54,54.7,"$85,000,000 (worldwide box office is 5.0 times production budget)","2,774 opening theaters/3,061 max. theaters, 11.5 weeks average run per theater","$477,831,078 "
177,Doctor Strange,"$232,641,920 ",https://www.the-numbers.com/movie/Doctor-Strange-(2016)#tab=summary,"$85,058,311 (36.6 of total gross)",2.74,34.4,"$165,000,000 (worldwide box office is 4.1 times production budget)","3,882 opening theaters/3,882 max. theaters, 6.3 weeks average run per theater","$304,064,453 "
178,The Exorcist,"$231,020,723 ",https://www.the-numbers.com/movie/Exorcist-The-(1973)#tab=summary,28.26,53.9,"$12,000,000 (worldwide box office is 35.7 times production budget)","664 opening theaters/1,708 max. theaters, 5.2 weeks average run per theater",N/A,N/A
179,The Lost World: Jurassic Park,"$229,086,679 ",https://www.the-numbers.com/movie/Lost-World-Jurassic-Park#tab=summary,"$72,132,785 (31.5 of total gross)",3.18,37,"$75,000,000 (worldwide box office is 8.2 times production budget)","3,281 opening theaters/3,565 max. theaters, 7.9 weeks average run per theater","$564,481,546 "
180,Justice League,"$229,024,295 ",https://www.the-numbers.com/movie/Justice-League-(2017)#tab=summary,"$93,842,239 (41.0 of total gross)",2.44,34.9,"$300,000,000 (worldwide box office is 2.2 times production budget)","4,051 opening theaters/4,051 max. theaters, 5.5 weeks average run per theater","$288,702,363 "
181,Star Trek Into Darkness,"$228,778,661 ",https://www.the-numbers.com/movie/Star-Trek-Into-Darkness#tab=summary,"$70,165,559 (30.7 of total gross)",3.26,48.9,"$190,000,000 (worldwide box office is 2.5 times production budget)","3,868 opening theaters/3,907 max. theaters, 5.8 weeks average run per theater","$318,264,033 "
182,The Martian,"$228,433,663 ",https://www.the-numbers.com/movie/Martian-The-(2015)#tab=summary,"$54,308,575 (23.8 of total gross)",4.21,34.9,"$108,000,000 (worldwide box office is 6.1 times production budget)","3,831 opening theaters/3,854 max. theaters, 8.3 weeks average run per theater","$306,369,680 "
183,Signs,"$227,969,295 ",https://www.the-numbers.com/movie/Signs#tab=summary,"$60,116,619 (26.4 of total gross)",3.79,55.8,"$70,702,619 (worldwide box office is 5.8 times production budget)","3,264 opening theaters/3,453 max. theaters, 9.5 weeks average run per theater","$443,759,409 "
184,Hancock,"$227,946,274 ",https://www.the-numbers.com/movie/Hancock-(2008)#tab=summary,"$62,603,879 (27.5 of total gross)",3.64,36.5,"$150,000,000 (worldwide box office is 4.2 times production budget)","3,965 opening theaters/3,965 max. theaters, 5.8 weeks average run per theater","$359,062,992 "
185,The Bourne Ultimatum,"$227,471,070 ",https://www.the-numbers.com/movie/Bourne-Ultimatum-The#tab=summary,"$69,283,690 (30.5 of total gross)",3.28,51.2,"$130,000,000 (worldwide box office is 3.4 times production budget)","3,660 opening theaters/3,701 max. theaters, 8.2 weeks average run per theater","$373,938,628 "
186,Logan,"$226,277,068 ",https://www.the-numbers.com/movie/Logan-(2017)#tab=summary,"$88,411,916 (39.1 of total gross)",2.56,36.8,"$127,000,000 (worldwide box office is 4.8 times production budget)","4,071 opening theaters/4,071 max. theaters, 5.7 weeks average run per theater","$285,305,868 "
187,Rush Hour 2,"$226,164,286 ",https://www.the-numbers.com/movie/Rush-Hour-2#tab=summary,"$67,408,222 (29.8 of total gross)",3.36,65.1,"$90,000,000 (worldwide box office is 3.9 times production budget)","3,118 opening theaters/3,118 max. theaters, 9.5 weeks average run per theater","$451,928,984 "
188,The Fate of the Furious,"$225,764,765 ",https://www.the-numbers.com/movie/Fate-of-the-Furious-The#tab=summary,"$98,786,705 (43.8 of total gross)",2.29,18.3,"$250,000,000 (worldwide box office is 4.9 times production budget)","4,310 opening theaters/4,329 max. theaters, 5.7 weeks average run per theater","$284,659,920 "
189,Raiders of the Lost Ark,"$225,686,079 ",https://www.the-numbers.com/movie/Raiders-of-the-Lost-Ark-(1981)#tab=summary,"$8,305,823 (3.7 of total gross)",27.17,61.4,"$20,000,000 (worldwide box office is 18.4 times production budget)","1,078 opening theaters/1,400 max. theaters, 28.4 weeks average run per theater","$897,907,980 "
190,Shang-Chi and the Legend of the Ten Rings,"$224,543,292 ",https://www.the-numbers.com/movie/Shang-Chi-and-the-Legend-of-the-Ten-Rings-(2021)#tab=summary,"$75,388,688 (33.6 of total gross)",2.98,52,"$150,000,000 (worldwide box office is 2.9 times production budget)","4,300 opening theaters/4,300 max. theaters, 6.7 weeks average run per theater","$249,713,332 "
191,WALL-E,"$223,808,164 ",https://www.the-numbers.com/movie/WALL-E#tab=summary,"$63,087,526 (28.2 of total gross)",3.55,42,"$180,000,000 (worldwide box office is 3.0 times production budget)","3,992 opening theaters/3,992 max. theaters, 7.8 weeks average run per theater","$352,544,530 "
192,Big Hero 6,"$222,527,828 ",https://www.the-numbers.com/movie/Big-Hero-6#tab=summary,"$56,215,889 (25.3 of total gross)",3.96,34.4,"$165,000,000 (worldwide box office is 3.9 times production budget)","3,761 opening theaters/3,773 max. theaters, 8.7 weeks average run per theater","$307,569,241 "
193,Mission: Impossible—Fallout,"$220,159,104 ",https://www.the-numbers.com/movie/Mission-Impossible-Fallout#tab=summary,"$61,236,534 (27.8 of total gross)",3.6,28,"$178,000,000 (worldwide box office is 4.4 times production budget)","4,386 opening theaters/4,395 max. theaters, 6.4 weeks average run per theater","$273,325,954 "
194,National Treasure: Book of Secrets,"$219,961,501 ",https://www.the-numbers.com/movie/National-Treasure-Book-of-Secrets-(2007)#tab=summary,"$44,783,772 (20.4 of total gross)",4.91,48.1,"3,832 opening theaters/3,832 max. theaters, 7.1 weeks average run per theater","$358,221,811 ",N/A
195,Alvin and the Chipmunks: The Squeakquel,"$219,614,612 ",https://www.the-numbers.com/movie/Alvin-and-the-Chipmunks-The-Squeakquel#tab=summary,"$48,875,415 (22.3 of total gross)",4.49,49.5,"$70,000,000 (worldwide box office is 6.3 times production budget)","3,700 opening theaters/3,747 max. theaters, 7.2 weeks average run per theater","$326,430,815 "
196,Mrs. Doubtfire,"$219,195,051 ",https://www.the-numbers.com/movie/Mrs-Doubtfire#tab=summary,"$20,468,847 (9.3 of total gross)",10.71,49.7,"$25,000,000 (worldwide box office is 17.7 times production budget)","1,605 opening theaters/2,354 max. theaters, 16.7 weeks average run per theater","$602,689,497 "
197,Ted,"$218,665,740 ",https://www.the-numbers.com/movie/Ted-(2011)#tab=summary,"$54,415,205 (24.9 of total gross)",4.02,39.3,"$50,000,000 (worldwide box office is 11.1 times production budget)","3,239 opening theaters/3,303 max. theaters, 7.6 weeks average run per theater","$310,692,147 "
198,Wonka,"$218,581,815 ",https://www.the-numbers.com/movie/Wonka-(2023)#tab=summary,"$39,005,800 (17.8 of total gross)",5.6,34.5,"$125,000,000 (worldwide box office is 5.1 times production budget)","4,203 opening theaters/4,213 max. theaters, 9.3 weeks average run per theater","$223,084,378 "
199,King Kong,"$218,080,025 ",https://www.the-numbers.com/movie/King-Kong-(2005)#tab=summary,"$50,130,145 (23.0 of total gross)",4.35,39.2,"$207,000,000 (worldwide box office is 2.7 times production budget)","3,568 opening theaters/3,627 max. theaters, 6.5 weeks average run per theater","$382,917,433 "
200,How to Train Your Dragon,"$217,851,976 ",https://www.the-numbers.com/movie/How-to-Train-Your-Dragon#tab=summary,"$43,732,319 (20.1 of total gross)",4.98,44,"$165,000,000 (worldwide box office is 3.0 times production budget)","4,055 opening theaters/4,060 max. theaters, 8.2 weeks average run per theater","$311,894,004 "
201,Ghost,"$217,631,306 ",https://www.the-numbers.com/movie/Ghost#tab=summary,"$12,191,373 (5.6 of total gross)",17.38,42,"$22,000,000 (worldwide box office is 23.5 times production budget)","1,101 opening theaters/1,766 max. theaters, 21.9 weeks average run per theater","$583,272,523 "
202,The Da Vinci Code,"$217,536,138 ",https://www.the-numbers.com/movie/Da-Vinci-Code-The#tab=summary,"$77,073,388 (35.4 of total gross)",2.82,28.3,"$125,000,000 (worldwide box office is 6.1 times production budget)","3,735 opening theaters/3,757 max. theaters, 6.2 weeks average run per theater","$375,623,467 "
203,Aladdin,"$217,350,219 ",https://www.the-numbers.com/movie/Aladdin-(1992)#tab=summary,"$196,664 (0.1 of total gross)",11.27,43.1,"$28,000,000 (worldwide box office is 18.0 times production budget)","2 opening theaters/2,331 max. theaters, 15.6 weeks average run per theater","$592,962,207 "
204,Alvin and the Chipmunks,"$217,326,974 ",https://www.the-numbers.com/movie/Alvin-and-the-Chipmunks-(2007)#tab=summary,"$44,307,417 (20.4 of total gross)",4.9,59.9,"$55,000,000 (worldwide box office is 6.6 times production budget)","3,475 opening theaters/3,499 max. theaters, 9.0 weeks average run per theater","$352,887,857 "
205,Ant-Man and the Wasp,"$216,648,740 ",https://www.the-numbers.com/movie/Ant-Man-and-the-Wasp#tab=summary,"$75,812,205 (35.0 of total gross)",2.86,34.8,"$130,000,000 (worldwide box office is 4.8 times production budget)","4,206 opening theaters/4,206 max. theaters, 5.9 weeks average run per theater","$268,967,860 "
206,Madagascar 3: Europe's Most Wanted,"$216,391,482 ",https://www.the-numbers.com/movie/Madagascar-3#tab=summary,"$60,316,738 (27.9 of total gross)",3.59,29,"$145,000,000 (worldwide box office is 5.2 times production budget)","4,258 opening theaters/4,263 max. theaters, 6.3 weeks average run per theater","$307,460,755 "
207,Saving Private Ryan,"$216,335,085 ",https://www.the-numbers.com/movie/Saving-Private-Ryan#tab=summary,"$30,576,104 (14.1 of total gross)",7.08,44.6,"$65,000,000 (worldwide box office is 7.5 times production budget)","2,453 opening theaters/2,807 max. theaters, 15.1 weeks average run per theater","$516,928,481 "
208,Bohemian Rhapsody,"$216,303,339 ",https://www.the-numbers.com/movie/Bohemian-Rhapsody-(2018)#tab=summary,"$51,061,119 (23.6 of total gross)",4.24,24.6,"$55,000,000 (worldwide box office is 16.0 times production budget)","4,000 opening theaters/4,000 max. theaters, 8.8 weeks average run per theater","$268,359,529 "
209,Kung Fu Panda,"$215,727,546 ",https://www.the-numbers.com/movie/Kung-Fu-Panda-(2008)#tab=summary,"$60,239,130 (27.9 of total gross)",3.58,34.1,"$130,000,000 (worldwide box office is 4.9 times production budget)","4,114 opening theaters/4,136 max. theaters, 6.8 weeks average run per theater","$339,354,492 "
210,Back to the Future,"$215,612,287 ",https://www.the-numbers.com/movie/Back-to-the-Future-(1985)#tab=summary,"$11,332,134 (5.3 of total gross)",19.03,55.4,"$19,000,000 (worldwide box office is 20.5 times production budget)","1,419 opening theaters/1,815 max. theaters, 20.4 weeks average run per theater","$653,571,852 "
211,Mission: Impossible 2,"$215,409,889 ",https://www.the-numbers.com/movie/Mission-Impossible-2#tab=summary,"$57,845,297 (26.9 of total gross)",3.72,39.2,"$120,000,000 (worldwide box office is 4.6 times production budget)","3,653 opening theaters/3,669 max. theaters, 8.0 weeks average run per theater","$452,001,074 "
212,A Star is Born,"$215,288,866 ",https://www.the-numbers.com/movie/Star-is-Born-A-(2018)#tab=summary,"$42,908,051 (19.9 of total gross)",5.02,49.9,"$36,000,000 (worldwide box office is 12.0 times production budget)","3,686 opening theaters/3,904 max. theaters, 9.4 weeks average run per theater","$267,183,832 "
213,X-Men 2,"$214,949,694 ",https://www.the-numbers.com/movie/X-Men-2-(2003)#tab=summary,"$85,558,731 (39.8 of total gross)",2.51,52.9,"$125,000,000 (worldwide box office is 3.3 times production budget)","3,741 opening theaters/3,749 max. theaters, 6.6 weeks average run per theater","$403,164,347 "
214,Ant-Man and the Wasp: Quantumania,"$214,506,909 ",https://www.the-numbers.com/movie/Ant-Man-and-the-Wasp-Quantumania-(2023)#tab=summary,"$106,109,650 (49.5 of total gross)",2.02,45.1,"$200,000,000 (worldwide box office is 2.4 times production budget)","4,345 opening theaters/4,345 max. theaters, 5.2 weeks average run per theater","$221,759,649 "
215,Dr. Seuss’ The Lorax,"$214,151,550 ",https://www.the-numbers.com/movie/Lorax-The#tab=summary,"$70,217,070 (32.8 of total gross)",3.05,61,"$67,500,000 (worldwide box office is 5.2 times production budget)","3,729 opening theaters/3,769 max. theaters, 7.8 weeks average run per theater","$304,106,141 "
216,Solo: A Star Wars Story,"$213,767,512 ",https://www.the-numbers.com/movie/Solo-A-Star-Wars-Story#tab=summary,"$84,420,489 (39.5 of total gross)",2.53,54.4,"$330,400,000 (worldwide box office is 1.2 times production budget)","4,381 opening theaters/4,381 max. theaters, 5.2 weeks average run per theater","$265,390,835 "
217,Venom: Let There be Carnage,"$213,550,366 ",https://www.the-numbers.com/movie/Venom-Let-There-be-Carnage#tab=summary,"$90,033,210 (42.2 of total gross)",2.37,42.6,"$110,000,000 (worldwide box office is 4.6 times production budget)","4,225 opening theaters/4,225 max. theaters, 7.9 weeks average run per theater","$237,452,376 "
218,Venom,"$213,511,408 ",https://www.the-numbers.com/movie/Venom-(2018)#tab=summary,"$80,255,756 (37.6 of total gross)",2.66,24.9,"$116,000,000 (worldwide box office is 7.4 times production budget)","4,250 opening theaters/4,250 max. theaters, 5.8 weeks average run per theater","$265,072,323 "
219,Austin Powers in Goldmember,"$213,117,789 ",https://www.the-numbers.com/movie/Austin-Powers-in-Goldmember#tab=summary,"$73,071,188 (34.3 of total gross)",2.92,71.9,"$63,000,000 (worldwide box office is 4.7 times production budget)","3,613 opening theaters/3,613 max. theaters, 7.3 weeks average run per theater","$414,864,395 "
220,It: Chapter Two,"$211,593,228 ",https://www.the-numbers.com/movie/It-Chapter-Two-(2019)#tab=summary,"$91,062,152 (43.0 of total gross)",2.32,45.3,"$70,000,000 (worldwide box office is 6.7 times production budget)","4,570 opening theaters/4,570 max. theaters, 5.6 weeks average run per theater","$261,257,573 "
221,300,"$210,614,939 ",https://www.the-numbers.com/movie/300-(2007)#tab=summary,"$70,885,301 (33.7 of total gross)",2.97,46.4,"$60,000,000 (worldwide box office is 7.6 times production budget)","3,103 opening theaters/3,280 max. theaters, 6.8 weeks average run per theater","$346,228,913 "
222,Coco,"$210,460,015 ",https://www.the-numbers.com/movie/Coco-(2017)#tab=summary,"$50,802,605 (24.1 of total gross)",4.14,26.4,"$175,000,000 (worldwide box office is 4.6 times production budget)","3,987 opening theaters/3,987 max. theaters, 7.7 weeks average run per theater","$264,762,237 "
223,Fast Five,"$210,031,325 ",https://www.the-numbers.com/movie/Fast-Five#tab=summary,"$86,198,765 (41.0 of total gross)",2.44,33.3,"$125,000,000 (worldwide box office is 5.0 times production budget)","3,644 opening theaters/3,793 max. theaters, 6.2 weeks average run per theater","$299,552,871 "
224,Mission: Impossible—Ghost Protocol,"$209,397,903 ",https://www.the-numbers.com/movie/Mission-Impossible-Ghost-Protocol#tab=summary,"$12,785,204 (6.1 of total gross)",7.08,30.1,"$145,000,000 (worldwide box office is 4.8 times production budget)","425 opening theaters/3,555 max. theaters, 6.0 weeks average run per theater","$298,282,815 "
225,Wedding Crashers,"$209,218,368 ",https://www.the-numbers.com/movie/Wedding-Crashers#tab=summary,"$33,900,720 (16.2 of total gross)",6.17,73.9,"$40,000,000 (worldwide box office is 7.1 times production budget)","2,925 opening theaters/3,131 max. theaters, 10.0 weeks average run per theater","$369,151,275 "
226,Sherlock Holmes,"$209,028,679 ",https://www.the-numbers.com/movie/Sherlock-Holmes-(2009)#tab=summary,"$62,304,277 (29.8 of total gross)",3.35,41.9,"$90,000,000 (worldwide box office is 5.5 times production budget)","3,626 opening theaters/3,626 max. theaters, 6.8 weeks average run per theater","$309,974,109 "
227,Dawn of the Planet of the Apes,"$208,545,589 ",https://www.the-numbers.com/movie/Dawn-of-the-Planet-of-the-Apes#tab=summary,"$72,611,427 (34.8 of total gross)",2.87,29.3,"$170,000,000 (worldwide box office is 4.2 times production budget)","3,967 opening theaters/3,969 max. theaters, 5.5 weeks average run per theater","$288,696,515 "
228,Charlie and the Chocolate Factory,"$206,459,076 ",https://www.the-numbers.com/movie/Charlie-and-the-Chocolate-Factory-(2005)#tab=summary,"$56,178,450 (27.2 of total gross)",3.68,43.4,"$150,000,000 (worldwide box office is 3.2 times production budget)","3,770 opening theaters/3,790 max. theaters, 7.7 weeks average run per theater","$364,282,704 "
229,Ratatouille,"$206,445,654 ",https://www.the-numbers.com/movie/Ratatouille#tab=summary,"$47,027,395 (22.8 of total gross)",4.39,32.9,"$150,000,000 (worldwide box office is 4.2 times production budget)","3,940 opening theaters/3,940 max. theaters, 7.5 weeks average run per theater","$339,375,042 "
230,Thor: The Dark World,"$206,362,140 ",https://www.the-numbers.com/movie/Thor-The-Dark-World#tab=summary,"$85,737,841 (41.5 of total gross)",2.41,32,"$150,000,000 (worldwide box office is 4.3 times production budget)","3,841 opening theaters/3,841 max. theaters, 6.2 weeks average run per theater","$287,059,585 "
231,Beauty and the Beast,"$206,333,165 ",https://www.the-numbers.com/movie/Beauty-and-the-Beast-(1991)#tab=summary,"$162,146 (0.1 of total gross)",11.62,47,"$20,000,000 (worldwide box office is 21.9 times production budget)","2 opening theaters/2,625 max. theaters, 17.8 weeks average run per theater","$481,497,113 "
232,Austin Powers: The Spy Who Shagged Me,"$206,040,085 ",https://www.the-numbers.com/movie/Austin-Powers-The-Spy-Who-Shagged-Me#tab=summary,"$54,917,604 (26.7 of total gross)",3.75,66,"$35,000,000 (worldwide box office is 8.9 times production budget)","3,312 opening theaters/3,314 max. theaters, 7.2 weeks average run per theater","$458,723,093 "
233,Batman Begins,"$205,343,774 ",https://www.the-numbers.com/movie/Batman-Begins#tab=summary,"$48,745,440 (23.7 of total gross)",4.21,57.6,"$150,000,000 (worldwide box office is 2.4 times production budget)","3,858 opening theaters/3,858 max. theaters, 6.8 weeks average run per theater","$362,314,832 "
234,Bad Boys For Life,"$204,417,855 ",https://www.the-numbers.com/movie/Bad-Boys-For-Life-(Bad-Boys-3)-(2020)#tab=summary,"$62,504,105 (30.6 of total gross)",3.27,48.2,"$90,000,000 (worldwide box office is 4.7 times production budget)","3,775 opening theaters/3,775 max. theaters, 7.2 weeks average run per theater","$251,848,139 "
235,The Amazing Spider-Man 2,"$203,530,343 ",https://www.the-numbers.com/movie/Amazing-Spider-Man-2-The#tab=summary,"$91,608,337 (45.0 of total gross)",2.22,28.7,"$200,000,000 (worldwide box office is 3.5 times production budget)","4,324 opening theaters/4,324 max. theaters, 5.2 weeks average run per theater","$281,493,776 "
236,Terminator 2: Judgment Day,"$203,464,105 ",https://www.the-numbers.com/movie/Terminator-2-Judgment-Day#tab=summary,"$31,765,506 (15.6 of total gross)",6.41,39.5,"$100,000,000 (worldwide box office is 5.2 times production budget)","2,274 opening theaters/2,495 max. theaters, 11.6 weeks average run per theater","$544,309,742 "
237,Interstellar,"$203,225,563 ",https://www.the-numbers.com/movie/Interstellar-(2014)#tab=summary,"$47,510,360 (23.4 of total gross)",4.28,31.7,"$165,000,000 (worldwide box office is 3.9 times production budget)","3,561 opening theaters/3,561 max. theaters, 7.3 weeks average run per theater","$275,264,363 "
238,World War Z,"$202,706,711 ",https://www.the-numbers.com/movie/World-War-Z#tab=summary,"$66,411,834 (32.8 of total gross)",3.05,38.1,"$190,000,000 (worldwide box office is 2.8 times production budget)","3,607 opening theaters/3,607 max. theaters, 5.9 weeks average run per theater","$281,897,362 "
239,The Mummy Returns,"$202,007,640 ",https://www.the-numbers.com/movie/Mummy-Returns-The#tab=summary,"$68,139,035 (33.7 of total gross)",2.96,46.4,"$98,000,000 (worldwide box office is 4.4 times production budget)","3,401 opening theaters/3,553 max. theaters, 7.6 weeks average run per theater","$403,658,367 "
240,Armageddon,"$201,578,182 ",https://www.the-numbers.com/movie/Armageddon#tab=summary,"$36,089,972 (17.9 of total gross)",5.59,36.3,"$140,000,000 (worldwide box office is 4.0 times production budget)","3,127 opening theaters/3,184 max. theaters, 9.7 weeks average run per theater","$486,108,573 "
241,Cinderella,"$201,151,353 ",https://www.the-numbers.com/movie/Cinderella-(2015)#tab=summary,"$67,877,361 (33.7 of total gross)",2.96,37.1,"$95,000,000 (worldwide box office is 5.7 times production budget)","3,845 opening theaters/3,848 max. theaters, 7.3 weeks average run per theater","$269,872,095 "
242,Ralph Breaks The Internet,"$201,091,711 ",https://www.the-numbers.com/movie/Ralph-Breaks-The-Internet-(2018)#tab=summary,"$56,237,634 (28.0 of total gross)",3.58,38,"$175,000,000 (worldwide box office is 3.0 times production budget)","4,017 opening theaters/4,017 max. theaters, 7.6 weeks average run per theater","$249,559,448 "
243,Tangled,"$200,821,936 ",https://www.the-numbers.com/movie/Tangled#tab=summary,"$48,767,052 (24.3 of total gross)",4.12,34.5,"$260,000,000 (worldwide box office is 2.2 times production budget)","3,603 opening theaters/3,603 max. theaters, 9.0 weeks average run per theater","$287,631,611 "
244,Godzilla,"$200,676,069 ",https://www.the-numbers.com/movie/Godzilla-(2014)#tab=summary,"$93,188,384 (46.4 of total gross)",2.15,37.9,"$160,000,000 (worldwide box office is 3.3 times production budget)","3,952 opening theaters/3,952 max. theaters, 5.2 weeks average run per theater","$277,802,486 "
245,Superman Returns,"$200,120,000 ",https://www.the-numbers.com/movie/Superman-Returns#tab=summary,"$52,535,096 (26.3 of total gross)",3.81,51.2,"$232,000,000 (worldwide box office is 1.7 times production budget)","4,065 opening theaters/4,065 max. theaters, 5.5 weeks average run per theater","$345,550,709 "
246,Spectre,"$200,074,175 ",https://www.the-numbers.com/movie/Spectre#tab=summary,"$70,403,148 (35.2 of total gross)",2.84,22.8,"$245,000,000 (worldwide box office is 3.6 times production budget)","3,929 opening theaters/3,929 max. theaters, 6.0 weeks average run per theater","$268,325,520 "
247,Captain America: Brave New World,"$199,081,549 ",https://www.the-numbers.com/movie/Captain-America-Brave-New-World-(2025)#tab=summary,"$88,842,603 (44.6 of total gross)",2.24,48.2,"$180,000,000 (worldwide box office is 2.3 times production budget)","4,105 opening theaters/4,105 max. theaters, 6.3 weeks average run per theater","$199,120,479 "
248,Gone with the Wind,"$198,680,470 ",https://www.the-numbers.com/movie/Gone-with-the-Wind#tab=summary,"$945,000 (0.5 of total gross)",166.6,50.9,"$3,900,000 (worldwide box office is 100.1 times production budget)",N/A,N/A
249,Pearl Harbor,"$198,539,855 ",https://www.the-numbers.com/movie/Pearl-Harbor#tab=summary,"$59,078,912 (29.8 of total gross)",3.36,44.2,"$151,500,000 (worldwide box office is 3.0 times production budget)","3,214 opening theaters/3,255 max. theaters, 8.0 weeks average run per theater","$396,728,923 "
250,Monsters vs. Aliens,"$198,351,526 ",https://www.the-numbers.com/movie/Monsters-vs-Aliens#tab=summary,"$59,321,095 (29.9 of total gross)",3.34,52,"$175,000,000 (worldwide box office is 2.2 times production budget)","4,104 opening theaters/4,136 max. theaters, 7.4 weeks average run per theater","$299,114,100 "
251,Happy Feet,"$198,000,317 ",https://www.the-numbers.com/movie/Happy-Feet#tab=summary,"$41,533,432 (21.0 of total gross)",4.77,51.4,"$85,000,000 (worldwide box office is 4.5 times production budget)","3,804 opening theaters/3,804 max. theaters, 8.8 weeks average run per theater","$340,065,811 "
252,Indiana Jones and the Last Crusade,"$197,171,806 ",https://www.the-numbers.com/movie/Indiana-Jones-and-the-Last-Crusade-(1989)#tab=summary,"$37,031,573 (18.8 of total gross)",5.32,41.6,"$48,000,000 (worldwide box office is 9.9 times production budget)","2,327 opening theaters/2,327 max. theaters, 9.1 weeks average run per theater","$558,900,525 "
253,Godzilla x Kong: The New Empire,"$196,805,338 ",https://www.the-numbers.com/movie/Godzilla-x-Kong-The-New-Empire-(2024)#tab=summary,"$80,006,561 (40.7 of total gross)",2.46,34.4,"$135,000,000 (worldwide box office is 4.2 times production budget)","3,861 opening theaters/3,948 max. theaters, 6.8 weeks average run per theater","$196,805,338 "
254,The Polar Express,"$196,698,043 ",https://www.the-numbers.com/movie/Polar-Express-The#tab=summary,"$23,325,035 (11.9 of total gross)",8.43,61.3,"$170,000,000 (worldwide box office is 1.9 times production budget)","3,650 opening theaters/3,650 max. theaters, 8.9 weeks average run per theater","$341,415,852 "
255,Ice Age: Dawn of the Dinosaurs,"$196,573,705 ",https://www.the-numbers.com/movie/Ice-Age-Dawn-of-the-Dinosaurs#tab=summary,"$41,690,382 (21.2 of total gross)",4.72,22.2,"$90,000,000 (worldwide box office is 9.9 times production budget)","4,099 opening theaters/4,102 max. theaters, 5.9 weeks average run per theater","$296,433,143 "
256,Ice Age: The Meltdown,"$195,330,621 ",https://www.the-numbers.com/movie/Ice-Age-The-Meltdown#tab=summary,"$68,033,544 (34.8 of total gross)",2.87,30,"$75,000,000 (worldwide box office is 8.7 times production budget)","3,964 opening theaters/3,969 max. theaters, 6.9 weeks average run per theater","$337,280,803 "
257,Mission: Impossible—Rogue Nation,"$195,042,377 ",https://www.the-numbers.com/movie/Mission-Impossible-Rogue-Nation#tab=summary,"$55,520,089 (28.5 of total gross)",3.51,28.3,"$150,000,000 (worldwide box office is 4.6 times production budget)","3,956 opening theaters/3,988 max. theaters, 7.0 weeks average run per theater","$261,676,066 "
258,Madagascar,"$193,595,521 ",https://www.the-numbers.com/movie/Madagascar#tab=summary,"$47,224,594 (24.4 of total gross)",4.1,34.8,"$75,000,000 (worldwide box office is 7.4 times production budget)","4,131 opening theaters/4,142 max. theaters, 7.4 weeks average run per theater","$341,585,853 "
259,Kung Fu Panda 4,"$193,590,620 ",https://www.the-numbers.com/movie/Kung-Fu-Panda-4-(2024)#tab=summary,"$57,989,905 (30.0 of total gross)",3.34,35.3,"$85,000,000 (worldwide box office is 6.4 times production budget)","4,035 opening theaters/4,067 max. theaters, 8.4 weeks average run per theater","$193,590,623 "
260,Bad Boys: Ride or Die,"$193,573,217 ",https://www.the-numbers.com/movie/Bad-Boys-Ride-or-Die-(2024)#tab=summary,"$56,527,324 (29.2 of total gross)",3.42,48.3,"$100,000,000 (worldwide box office is 4.0 times production budget)","3,885 opening theaters/3,885 max. theaters, 6.0 weeks average run per theater","$193,573,217 "
261,Twilight,"$192,769,854 ",https://www.the-numbers.com/movie/Twilight-(2008)#tab=summary,"$69,637,740 (36.1 of total gross)",2.77,47.9,"$37,000,000 (worldwide box office is 10.9 times production budget)","3,419 opening theaters/3,649 max. theaters, 7.3 weeks average run per theater","$302,587,717 "
262,Toy Story,"$192,523,233 ",https://www.the-numbers.com/movie/Toy-Story#tab=summary,"$29,140,617 (15.1 of total gross)",6.61,52.7,"$30,000,000 (worldwide box office is 12.2 times production budget)","2,457 opening theaters/2,574 max. theaters, 14.0 weeks average run per theater","$497,654,907 "
263,22 Jump Street,"$191,719,337 ",https://www.the-numbers.com/movie/22-Jump-Street#tab=summary,"$57,071,445 (29.8 of total gross)",3.36,57.9,"$50,000,000 (worldwide box office is 6.6 times production budget)","3,306 opening theaters/3,426 max. theaters, 6.7 weeks average run per theater","$265,403,389 "
264,Cars 2,"$191,450,875 ",https://www.the-numbers.com/movie/Cars-2#tab=summary,"$66,135,507 (34.5 of total gross)",2.89,34.2,"$200,000,000 (worldwide box office is 2.8 times production budget)","4,115 opening theaters/4,115 max. theaters, 6.3 weeks average run per theater","$273,052,885 "
265,Teenage Mutant Ninja Turtles,"$191,204,754 ",https://www.the-numbers.com/movie/Teenage-Mutant-Ninja-Turtles-(2014)#tab=summary,"$65,575,105 (34.3 of total gross)",2.92,39.4,"$125,000,000 (worldwide box office is 3.9 times production budget)","3,845 opening theaters/3,980 max. theaters, 7.0 weeks average run per theater","$264,691,029 "
266,Sonic the Hedgehog 2,"$190,872,904 ",https://www.the-numbers.com/movie/Sonic-the-Hedgehog-2-(2022)#tab=summary,"$72,105,176 (37.8 of total gross)",2.65,47.3,"$90,000,000 (worldwide box office is 4.5 times production budget)","4,234 opening theaters/4,258 max. theaters, 7.5 weeks average run per theater","$205,011,642 "
267,Men in Black 2,"$190,418,803 ",https://www.the-numbers.com/movie/Men-in-Black-2#tab=summary,"$52,148,751 (27.4 of total gross)",3.65,43.1,"$140,000,000 (worldwide box office is 3.2 times production budget)","3,557 opening theaters/3,641 max. theaters, 6.0 weeks average run per theater","$370,677,559 "
268,Spider-Man: Into The Spider-Verse 3D,"$190,173,195 ",https://www.the-numbers.com/movie/Spider-Man-Into-The-Spider-Verse-3D-(2018)#tab=summary,"$35,363,376 (18.6 of total gross)",5.38,50.8,"$90,000,000 (worldwide box office is 4.2 times production budget)","3,813 opening theaters/3,813 max. theaters, 8.6 weeks average run per theater","$235,717,840 "
269,Dunkirk,"$190,068,280 ",https://www.the-numbers.com/movie/Dunkirk-(2017)#tab=summary,"$50,513,488 (26.6 of total gross)",3.76,37.3,"$150,000,000 (worldwide box office is 3.4 times production budget)","3,720 opening theaters/4,014 max. theaters, 7.4 weeks average run per theater","$239,618,455 "
270,Wreck-It Ralph,"$189,412,677 ",https://www.the-numbers.com/movie/Wreck-It-Ralph#tab=summary,"$49,038,712 (25.9 of total gross)",3.86,38.1,"$165,000,000 (worldwide box office is 3.0 times production budget)","3,752 opening theaters/3,752 max. theaters, 8.5 weeks average run per theater","$268,803,628 "
271,Grease,"$188,620,000 ",https://www.the-numbers.com/movie/Grease#tab=summary,"$8,941,717 (4.7 of total gross)",14.85,47.8,"$6,000,000 (worldwide box office is 65.7 times production budget)","862 opening theaters/2,931 max. theaters, 4.5 weeks average run per theater","$825,276,461 "
272,A Quiet Place,"$188,024,361 ",https://www.the-numbers.com/movie/Quiet-Place-A-(2018)#tab=summary,"$50,203,562 (26.7 of total gross)",3.75,56.1,"$17,000,000 (worldwide box office is 19.7 times production budget)","3,508 opening theaters/3,808 max. theaters, 7.5 weeks average run per theater","$233,430,901 "
273,Gladiator,"$187,683,805 ",https://www.the-numbers.com/movie/Gladiator-(2000)#tab=summary,"$34,819,017 (18.6 of total gross)",5.39,41.6,"$103,000,000 (worldwide box office is 4.4 times production budget)","2,938 opening theaters/3,188 max. theaters, 10.2 weeks average run per theater","$393,715,113 "
274,The Croods,"$187,168,425 ",https://www.the-numbers.com/movie/Croods-The#tab=summary,"$43,639,736 (23.3 of total gross)",4.29,32.7,"$135,000,000 (worldwide box office is 4.2 times production budget)","4,046 opening theaters/4,065 max. theaters, 8.6 weeks average run per theater","$260,378,209 "
275,John Wick: Chapter 4,"$187,131,806 ",https://www.the-numbers.com/movie/John-Wick-Chapter-4-(2023)#tab=summary,"$73,817,950 (39.4 of total gross)",2.54,42.5,"$100,000,000 (worldwide box office is 4.4 times production budget)","3,855 opening theaters/3,855 max. theaters, 6.5 weeks average run per theater","$193,460,751 "
276,Sherlock Holmes: A Game of Shadows,"$186,848,418 ",https://www.the-numbers.com/movie/Sherlock-Holmes-A-Game-of-Shadows-(2011)#tab=summary,"$39,637,079 (21.2 of total gross)",4.71,34.9,"$125,000,000 (worldwide box office is 4.3 times production budget)","3,703 opening theaters/3,703 max. theaters, 6.6 weeks average run per theater","$266,220,299 "
277,The Day After Tomorrow,"$186,740,799 ",https://www.the-numbers.com/movie/Day-After-Tomorrow-The#tab=summary,"$68,743,584 (36.8 of total gross)",2.72,33.6,"$125,000,000 (worldwide box office is 4.4 times production budget)","3,425 opening theaters/3,444 max. theaters, 5.8 weeks average run per theater","$340,102,806 "
278,Mr. and Mrs. Smith,"$186,336,279 ",https://www.the-numbers.com/movie/Mr-and-Mrs-Smith#tab=summary,"$50,342,878 (27.0 of total gross)",3.7,38.3,"$110,000,000 (worldwide box office is 4.4 times production budget)","3,424 opening theaters/3,451 max. theaters, 7.4 weeks average run per theater","$328,777,425 "
279,Puss in Boots: The Last Wish,"$186,090,535 ",https://www.the-numbers.com/movie/Puss-in-Boots-The-Last-Wish-(2022)#tab=summary,"$12,429,515 (6.7 of total gross)",11.07,38.4,"$110,000,000 (worldwide box office is 4.4 times production budget)","4,099 opening theaters/4,121 max. theaters, 10.6 weeks average run per theater","$194,624,968 "
280,Snow White and the Seven Dwarfs,"$184,925,486 ",https://www.the-numbers.com/movie/Snow-White-and-the-Seven-Dwarfs#tab=summary,"$6,017,914 (3.3 of total gross)",14.66,98.8,"$1,488,000 (worldwide box office is 125.8 times production budget)","1,362 opening theaters/1,831 max. theaters, 15.0 weeks average run per theater",N/A
281,Pitch Perfect 2,"$184,296,230 ",https://www.the-numbers.com/movie/Pitch-Perfect-2#tab=summary,"$69,216,890 (37.6 of total gross)",2.66,64.2,"$29,000,000 (worldwide box office is 9.9 times production budget)","3,473 opening theaters/3,660 max. theaters, 5.8 weeks average run per theater","$247,258,643 "
282,Dances with Wolves,"$184,208,842 ",https://www.the-numbers.com/movie/Dances-with-Wolves#tab=summary,"$598,257 (0.3 of total gross)",15.48,43.4,"$19,000,000 (worldwide box office is 22.3 times production budget)","14 opening theaters/1,636 max. theaters, 24.0 weeks average run per theater","$494,359,512 "
283,Batman Forever,"$184,190,913 ",https://www.the-numbers.com/movie/Batman-Forever-(1995)#tab=summary,"$52,784,433 (28.7 of total gross)",3.49,54.7,"$100,000,000 (worldwide box office is 3.4 times production budget)","2,842 opening theaters/2,893 max. theaters, 8.0 weeks average run per theater","$478,756,281 "
284,Sound of Freedom,"$184,178,046 ",https://www.the-numbers.com/movie/Sound-of-Freedom-(2023)#tab=summary,"$19,680,879 (10.7 of total gross)",6.75,73.5,"$14,500,000 (worldwide box office is 17.3 times production budget)","2,952 opening theaters/3,411 max. theaters, 7.7 weeks average run per theater","$190,407,096 "
285,Elf,"$184,129,376 ",https://www.the-numbers.com/movie/Elf-(2003)#tab=summary,"$31,113,501 (16.9 of total gross)",5.92,79.7,"$32,000,000 (worldwide box office is 7.2 times production budget)","3,337 opening theaters/3,381 max. theaters, 8.9 weeks average run per theater","$331,708,095 "
286,The Fugitive,"$183,968,665 ",https://www.the-numbers.com/movie/Fugitive-The-(1993)#tab=summary,"$23,758,855 (12.9 of total gross)",7.74,52,"$44,000,000 (worldwide box office is 8.0 times production budget)","2,340 opening theaters/2,425 max. theaters, 9.7 weeks average run per theater","$502,420,997 "
287,Black Widow,"$183,651,655 ",https://www.the-numbers.com/movie/Black-Widow-(2021)#tab=summary,"$80,366,312 (43.8 of total gross)",2.29,48.4,"$200,000,000 (worldwide box office is 1.9 times production budget)","4,160 opening theaters/4,275 max. theaters, 6.0 weeks average run per theater","$204,237,971 "
288,The Revenant,"$183,637,894 ",https://www.the-numbers.com/movie/Revenant-The-(2015)#tab=summary,"$474,560 (0.3 of total gross)",4.61,34.5,"$135,000,000 (worldwide box office is 3.9 times production budget)","4 opening theaters/3,711 max. theaters, 7.6 weeks average run per theater","$240,138,976 "
289,Ocean’s Eleven,"$183,417,150 ",https://www.the-numbers.com/movie/Oceans-Eleven-(2001)#tab=summary,"$38,107,822 (20.8 of total gross)",4.81,40.7,"$85,000,000 (worldwide box office is 5.3 times production budget)","3,075 opening theaters/3,075 max. theaters, 8.7 weeks average run per theater","$364,887,755 "
290,The Simpsons Movie,"$183,135,014 ",https://www.the-numbers.com/movie/Simpsons-Movie-The#tab=summary,"$74,036,787 (40.4 of total gross)",2.47,34.7,"$72,500,000 (worldwide box office is 7.3 times production budget)","3,922 opening theaters/3,926 max. theaters, 6.0 weeks average run per theater","$301,054,794 "
291,What Women Want,"$182,805,123 ",https://www.the-numbers.com/movie/What-Women-Want#tab=summary,"$33,614,543 (18.4 of total gross)",5.44,48.9,"$65,000,000 (worldwide box office is 5.8 times production budget)","3,012 opening theaters/3,092 max. theaters, 9.5 weeks average run per theater","$376,874,681 "
292,The Perfect Storm,"$182,618,434 ",https://www.the-numbers.com/movie/Perfect-Storm-The#tab=summary,"$41,325,042 (22.6 of total gross)",4.42,55.6,"$120,000,000 (worldwide box office is 2.7 times production budget)","3,407 opening theaters/3,407 max. theaters, 8.7 weeks average run per theater","$383,193,782 "
293,Lincoln,"$182,207,973 ",https://www.the-numbers.com/movie/Lincoln#tab=summary,"$944,308 (0.5 of total gross)",7.1,66.7,"$65,000,000 (worldwide box office is 4.2 times production budget)","11 opening theaters/2,293 max. theaters, 13.0 weeks average run per theater","$257,758,429 "
294,Liar Liar,"$181,410,615 ",https://www.the-numbers.com/movie/Liar-Liar#tab=summary,"$31,423,025 (17.3 of total gross)",5.77,59.9,"$45,000,000 (worldwide box office is 6.7 times production budget)","2,845 opening theaters/2,909 max. theaters, 12.3 weeks average run per theater","$447,005,232 "
295,Jurassic Park III,"$181,166,115 ",https://www.the-numbers.com/movie/Jurassic-Park-3#tab=summary,"$50,771,645 (28.0 of total gross)",3.57,49.5,"$93,000,000 (worldwide box office is 3.9 times production budget)","3,434 opening theaters/3,470 max. theaters, 6.7 weeks average run per theater","$362,012,143 "
296,Thor,"$181,030,624 ",https://www.the-numbers.com/movie/Thor#tab=summary,"$65,723,338 (36.3 of total gross)",2.75,40.3,"$150,000,000 (worldwide box office is 3.0 times production budget)","3,955 opening theaters/3,963 max. theaters, 5.7 weeks average run per theater","$258,191,217 "
297,Mission: Impossible,"$180,981,886 ",https://www.the-numbers.com/movie/Mission-Impossible#tab=summary,"$45,436,830 (25.1 of total gross)",3.98,39.5,"$80,000,000 (worldwide box office is 5.7 times production budget)","3,012 opening theaters/3,012 max. theaters, 8.5 weeks average run per theater","$463,100,708 "
298,TAYLOR SWIFT | THE ERAS TOUR,"$180,760,722 ",https://www.the-numbers.com/movie/Taylor-Swift-The-Eras-Tour-(2023)#tab=summary,"$93,224,755 (51.6 of total gross)",1.94,69.1,"$15,000,000 (worldwide box office is 17.4 times production budget)","3,855 opening theaters/3,855 max. theaters, 5.7 weeks average run per theater","$186,867,428 "
299,Top Gun,"$180,470,489 ",https://www.the-numbers.com/movie/Top-Gun#tab=summary,"$8,193,052 (4.5 of total gross)",19.1,50.5,"$15,000,000 (worldwide box office is 23.8 times production budget)","1,028 opening theaters/1,531 max. theaters, 26.4 weeks average run per theater","$539,871,325 "
300,Ant-Man,"$180,202,163 ",https://www.the-numbers.com/movie/Ant-Man#tab=summary,"$57,225,526 (31.8 of total gross)",3.15,34.7,"$130,000,000 (worldwide box office is 4.0 times production budget)","3,856 opening theaters/3,868 max. theaters, 6.7 weeks average run per theater","$241,765,885 "
